Workbook

Sheet 00_はじめに
A1: 加湿CO2 高速流量切替供給系 — 設計計算書
A2: Humidified-CO2 supply system with 30 ms flow switching — parametric design workbook
B5: 要求仕様 | C5: 出力段: CO2 ガス圧 20 kPa（ゲージ）、温度 20 °C、相対湿度 70 %
C6: 流量: 30 NLPM と 15 NLPM を 30 ms ごとに交互に連続切替
C7: ガス源: 相対湿度 約 90 % の CO2
B9: 使い方 | C9: ① シート『01_入力』の黄色セル（青字）だけを編集する。他は全て数式で連動する。
C10: ② シート『03_湿度状態点』の下部に出る『★必要飽和器温度 T_sat』を読み、01_入力 の『飽和器出口温度』に入れ戻す。
C11: ③ 同シート最下行『S4 で達成される RH と目標との差』が 0 になれば整合が取れている。
C12: ④ 04〜08 の各シートでハードウェア寸法・熱量・安全条件が自動計算される。
C13: ⑤ 『10_検証』が全項目合格であることを確認してから結果を使うこと。
B15: 設計の結論（既定値での要点） | C15: ・出力段の水蒸気モル分率 x_v = 1.374 mol%、露点 14.37 °C、結露余裕は 5.63 K しかない。
C16: ・構成: 一次プレナム(300 kPa abs, 約31 °C) → 臨界ノズル A(常時 15 NLPM) ∥ ノズル B(+15 NLPM, 高速弁) → 出力プレナム(20 °C) → 同期切替排気オリフィス。
C17: ・ノズルのど径は約 0.86 mm × 2 本。背圧比 0.404 で十分にチョークしている。
C18: ・切替素子はサーマル MFC では不可能（最速 300 ms = 周期の5倍）。高速電磁弁（SMC SX10 / Festo MHJ、<1 ms）を使う。
C19: ・『圧力を静かにすること』と『30 ms の流量変調を保つこと』は同じ容積では両立しない。排気側を入口と同期して切り替えることで初めて両立する。
C20: ・最も厳しい制約は温度: dRH/dT = −4.32 %RH/K。±1 %RH を守るには出力段温度を ±0.23 K に制御する必要がある。
B22: 本計算書の特徴（学会発表を意識した点） | C22: ・CO2 を理想気体として扱わない。Z、cp、γ、音速はすべて第2ビリアル展開で実在気体として評価（Span–Wagner に対し 0.2 % 以内）。
C23: ・湿度は CO2 キャリア用のエンハンスメント係数 f で評価している。空気用の Greenspan/CIPM 式は CO2 には使えず、
C24: そのまま使うと RH を 0.93 %RH 過大評価する。f_CO2 = 1.018 に対し f_air = 1.005（121.3 kPa, 20 °C）。
C25: ・f は交差ビリアル係数 B12(H2O–CO2) = −235.5 cm³/mol と、溶存CO2による水の活量低下（IAPWS G7-04）から組み立てている。
C26: ・同じ式に空気の B_aw を入れると CIPM-2007 を 394 ppm 以内で再現する（B_aw = −32.0 cm³/mol は文献値 −30〜−34 の範囲内）。
C27: これが CO2 への外挿を正当化する検証である。残差は第3ビリアル項に由来し、これが本手法の精度の下限を与える。
C28: ・混合比には ε_CO2 = 0.40935 を使用。空気の 0.622 を使うと +51.9 % の誤りになる。
C29: ・NLPM の基準条件を明示（DIN 1343, 0 °C）。20 °C 基準との差は 7.32 % で、良質なノズルの不確かさ 0.2 % の35倍にあたる。
B31: 既知の限界（投稿前に確認すべき事項） | C31: ・本セッションでは外部サイトへの直接アクセス（WebFetch）が遮断されていた。参照値は同じ基準相関を実装する CoolProp 8.0.0 を
C32: ローカル実行して生成し、文献の書誌情報は検索で確認した。投稿前に NIST Webbook / REFPROP で表を再生成して引用すること。
C33: ・B12(H2O–CO2) は Meyer & Harvey (2015) と Wheatley & Harvey (2016 正誤表) の原著値で置き換えること。
C34: 文献のばらつき ±40 cm³/mol は 121 kPa で f に ±0.4 %（RH で ±0.28 %RH）効く。01_入力 の B12 セルで感度を確認できる。
C35: ・ノズルは CO2 で、実機ののど径で校正すること。振動緩和により Cd が最大 2 % ずれる。
C36: ・容量式RHセンサは CO2 に交差感度がある。冷却鏡式（Michell S8000, ±0.1 °C ≈ ±0.42 %RH）を基準とし、CO2 中で校正すること。
C37: ・排気オリフィスの Cd = 0.62 は代表値。実機で校正すること。
B39: 凡例 | C39: 黄色セル＋青字 = 入力値 / 黒字 = 数式 / 赤字＋橙セル = 主要な結果 / 緑字 = 参照値 / 灰色斜体 = 注記・出典

Sheet 01_入力
A1: 入力パラメータ / Input parameters
A2: 黄色セル（青字）のみ編集してください。他のシートはすべてこのシートを参照する数式です。
A4: A. 出力段の目標条件 / Target at the delivery plane
A5: 大気圧 P_atm | B5: 101.325 | C5: kPa | D5: 標準大気圧。実際の設置標高に合わせて変更
A6: 出力段ゲージ圧 P_out,g | B6: 20 | C6: kPa | D6: 要求仕様（ゲージ圧）
A7: 出力段温度 T_out | B7: 20 | C7: °C | D7: 要求仕様
A8: 出力段相対湿度 RH_out | B8: 0.7 | C8: - | D8: 要求仕様（70 %）。RH = p_v /(f·p_sat)
A9: → 出力段絶対圧 P_out,abs | B9: =01_入力!$B$5+01_入力!$B$6 -> 121.325 | C9: kPa | D9: 大気圧 + ゲージ圧
A11: B. ガス源・調湿 / Source gas and humidity conditioning
A12: 一次側（ノズル上流）絶対圧 P_1 | B12: 300 | C12: kPa abs | D12: チョーク維持のため出力段絶対圧の 2.5 倍以上を推奨
A13: 飽和器出口相対湿度 η_sat | B13: 0.9 | C13: - | D13: 「湿度90 %のCO2」＝飽和器の飽和効率。ミスト同伴に注意
A14: 飽和器出口温度 T_sat | B14: 30.655 | C14: °C | D14: ★03シートが算出する『必要飽和器温度』をここに入力
A15: 一次側トレース加熱温度 T_trace | B15: 34 | C15: °C | D15: 一次側配管壁温。加圧側露点（約 28.8 °C）より 5 K 以上高く保つ（US EPA Method 320）
A17: C. 流量と切替タイミング / Flow set-points and switching
A18: 高流量 Q_H | B18: 30 | C18: NLPM
A19: 低流量 Q_L | B19: 15 | C19: NLPM
A20: 高流量保持時間 t_H | B20: 30 | C20: ms | D20: 「30 ms で交互に切替」の解釈。周期 = t_H + t_L
A21: 低流量保持時間 t_L | B21: 30 | C21: ms | D21: 周期を 30 ms とする解釈なら t_H = t_L = 15 ms に変更
A22: 標準状態 基準温度 T_ref | B22: 0 | C22: °C | D22: DIN 1343 = 0 °C（= SEMI E12）。ISO 13443 は 15 °C、20 °C はベンダ慣行
A23: 標準状態 基準圧力 p_ref | B23: 101.325 | C23: kPa | D23: 0 °C 基準と 20 °C 基準では質量流量が 7.32 % 違う
A25: D. ハードウェア / Hardware
A26: 一次プレナム容積 V_1 | B26: 0.5 | C26: L | D26: ノズル上流の安定化容積。p_0 変動は流量誤差に 1:1 で効く
A27: 出力プレナム容積 V_2 | B27: 100 | C27: mL | D27: 出力段の容積。大きいほど圧力は安定するが流量変調が鈍る
A28: 配管内径（切替弁→出力段）d_i | B28: 8 | C28: mm
A29: 配管長（切替弁→出力段）L | B29: 0.025 | C29: m | D29: ★既定値は「弁・ノズル・出力プレナムを 25 mm 以内に一体化する」という推奨構成。05 シートの集中定数限界と整合
A30: 高速弁 応答時間 t_v | B30: 1 | C30: ms | D30: SMC SX10: 0.45/0.40 ms、Festo MHJ10: <1 ms
A31: 入口/出口弁 同期ずれ Δt_skew | B31: 0.5 | C31: ms | D31: ★同期排気方式での残留リプルを決める最重要パラメータ
A32: ポリトロープ指数 n | B32: 1.29 | C32: - | D32: 1 = 等温（遅い）、γ ≈ 1.29 = 断熱（速い）。30 ms なら断熱側
A33: 排気オリフィス 流量係数 Cd_or | B33: 0.62 | C33: - | D33: 薄刃オリフィス。実機では校正すること
A34: プレナム首部 内径 d_neck | B34: 10 | C34: mm | D34: ヘルムホルツ共鳴を切替高調波から外すために使用
A35: プレナム首部 長さ L_neck | B35: 30 | C35: mm
A37: E. 物性モデルの選択 / Property-model options
A38: 交差第2ビリアル係数の補正 ΔB12 (CO2-H2O) | B38: 0 | C38: cm³/mol | D38: ★内蔵相関 B12(T)（20 °C で −235.5、30 °C で −213.4）への加算値。文献ばらつき ±40 の影響を見るのに使う
A39: エンハンスメント係数を適用 (1=する/0=しない) | B39: 1 | C39: - | D39: 0 にすると RH = p_v/p_sat（WMO 定義）になる
A40: CFVN Cd 相関 係数 a | B40: 0.9959 | C40: - | D40: ISO 9300:2022 トロイダル: Cd = a − b·Re^−0.5
A41: CFVN Cd 相関 係数 b | B41: 2.72 | C41: - | D41: 有効範囲 2.1e4 ≤ Re ≤ 3.2e7、u(Cd)=0.3 % (k=2)
A43: F. 安全・換気 / Safety and ventilation
A44: 室容積 V_room | B44: 54 | C44: m³ | D44: 例: 5 × 4 × 2.7 m
A45: CO2 管理濃度 C_limit | B45: 5000 | C45: ppm | D45: ACGIH TLV-TWA / OSHA PEL = 5000 ppm
A46: 外気 CO2 濃度 C_bg | B46: 420 | C46: ppm | D46: 現在の大気中濃度
A47: 換気 混合安全係数 k | B47: 3 | C47: - | D47: EIGA Doc 44: CO2 は空気より重く混合が悪いため k ≥ 3
A49: 凡例: 黄色セル＋青字 = 入力値 / 黒字 = 数式 / 赤字＋橙セル = 主要な結果 / 灰色斜体 = 注記・出典
A50: ★印は設計上とくに感度の高いパラメータです。09_感度解析 シートで影響度を確認してください。

Sheet 02_物性
A1: 物性相関 / Property correlations (reference table)
A2: 本ブックが内部で使う相関式の一覧表。すべて第2ビリアル展開による実在気体評価で、Span–Wagner に対し 0.2 % 以内。
A4: T [°C] | B4: p_sat [Pa] | C4: B_CO2 [cm³/mol] | D4: B12 [cm³/mol] | E4: B_ww [cm³/mol] | F4: Z (1 atm) | G4: Z (300 kPa) | H4: cp [J/mol·K] | I4: γ (1 atm) | J4: μ [µPa·s] | K4: k [mW/m·K] | L4: μ_JT [K/bar] / 音速 [m/s]
A5: -5 | B5: =22064000*EXP(647.096/($A$5+273.15)*(-7.85951783*(1-($A$5+273.15)/647.096)+1.84408259*(1-($A$5+273.15)/647.096)^1.5-11.7866497*(1-($A$5+273.15)/647.096)^3+22.6807411*(1-($A$5+273.15)/647.096)^3.5-15.9618719*(1-($A$5+273.15)/647.096)^4+1.80122502*(1-($A$5+273.15)/647.096)^7.5)) -> 421.81116 | C5: =0.000001*(75.188632-565.620467/(($A$5+273.15)/100)+601.464888/(($A$5+273.15)/100)^2-2018.286032/(($A$5+273.15)/100)^3)*1000000 -> -156.77442 | D5: =0.000001*(-236.26407+204871.53/($A$5+273.15)-59999434/($A$5+273.15)^2)*1000000 -> -306.67884 | E5: =0.000001*(19202.081-20032490/($A$5+273.15)+7075968700/($A$5+273.15)^2-870743060000/($A$5+273.15)^3)*1000000 -> -2256.5057 | F5: =1+0.000001*(75.188632-565.620467/(($A$5+273.15)/100)+601.464888/(($A$5+273.15)/100)^2-2018.286032/(($A$5+273.15)/100)^3)*101325/(8.31446261815324*($A$5+273.15)) -> 0.99287508 | G5: =1+0.000001*(75.188632-565.620467/(($A$5+273.15)/100)+601.464888/(($A$5+273.15)/100)^2-2018.286032/(($A$5+273.15)/100)^3)*300000/(8.31446261815324*($A$5+273.15)) -> 0.97890476 | H5: =(20.823075+0.059235957*($A$5+273.15)-0.00000051159127*($A$5+273.15)^2-0.000000048979736*($A$5+273.15)^3-($A$5+273.15)*0.0000000001*(-1131.240934/(($A$5+273.15)/100)^3+3608.789328/(($A$5+273.15)/100)^4-24219.432384/(($A$5+273.15)/100)^5)*101325) -> 36.170434 | I5: =((20.823075+0.059235957*($A$5+273.15)-0.00000051159127*($A$5+273.15)^2-0.000000048979736*($A$5+273.15)^3-($A$5+273.15)*0.0000000001*(-1131.240934/(($A$5+273.15)/100)^3+3608.789328/(($A$5+273.15)/100)^4-24219.432384/(($A$5+273.15)/100)^5)*101325))/(((20.823075+0.059235957*($A$5+273.15)-0.00000051159127*($A$5+273.15)^2-0.000000048979736*($A$5+273.15)^3)-8.31446261815324-($A$5+273.15)*8.31446261815324*(2*0.00000001*(565.620467/(($A$5+273.15)/100)^2-1202.929776/(($A$5+273.15)/100)^3+6054.858096/(($A$5+273.15)/100)^4)+($A$5+273.15)*0.0000000001*(-1131.240934/(($A$5+273.15)/100)^3+3608.789328/(($A$5+273.15)/100)^4-24219.432384/(($A$5+273.15)/100)^5))*(101325/((1+0.000001*(75.188632-565.620467/(($A$5+273.15)/100)+601.464888/(($A$5+273.15)/100)^2-2018.286032/(($A$5+273.15)/100)^3)*101325/(8.31446261815324*($A$5+273.15)))*8.31446261815324*($A$5+273.15))))) -> 1.3111444 | J5: =0.00000100697*SQRT(($A$5+273.15))/EXP(0.235156-0.491266*LN(($A$5+273.15)/251.196)+0.05211155*LN(($A$5+273.15)/251.196)^2+0.05347906*LN(($A$5+273.15)/251.196)^3-0.01537102*LN(($A$5+273.15)/251.196)^4)*1000000 -> 13.455827 | K5: =0.001*(-2.8088692+0.053424539*($A$5+273.15)+0.000038923913*($A$5+273.15)^2)*1000 -> 14.315722 | L5: =((($A$5+273.15)*0.00000001*(565.620467/(($A$5+273.15)/100)^2-1202.929776/(($A$5+273.15)/100)^3+6054.858096/(($A$5+273.15)/100)^4))-(0.000001*(75.188632-565.620467/(($A$5+273.15)/100)+601.464888/(($A$5+273.15)/100)^2-2018.286032/(($A$5+273.15)/100)^3)))/(20.823075+0.059235957*($A$5+273.15)-0.00000051159127*($A$5+273.15)^2-0.000000048979736*($A$5+273.15)^3)*100000 -> 1.4399663
A6: -2.5 | B6: =22064000*EXP(647.096/($A$6+273.15)*(-7.85951783*(1-($A$6+273.15)/647.096)+1.84408259*(1-($A$6+273.15)/647.096)^1.5-11.7866497*(1-($A$6+273.15)/647.096)^3+22.6807411*(1-($A$6+273.15)/647.096)^3.5-15.9618719*(1-($A$6+273.15)/647.096)^4+1.80122502*(1-($A$6+273.15)/647.096)^7.5)) -> 508.73231 | C6: =0.000001*(75.188632-565.620467/(($A$6+273.15)/100)+601.464888/(($A$6+273.15)/100)^2-2018.286032/(($A$6+273.15)/100)^3)*1000000 -> -153.4902 | D6: =0.000001*(-236.26407+204871.53/($A$6+273.15)-59999434/($A$6+273.15)^2)*1000000 -> -298.39193 | E6: =0.000001*(19202.081-20032490/($A$6+273.15)+7075968700/($A$6+273.15)^2-870743060000/($A$6+273.15)^3)*1000000 -> -2136.1235 | F6: =1+0.000001*(75.188632-565.620467/(($A$6+273.15)/100)+601.464888/(($A$6+273.15)/100)^2-2018.286032/(($A$6+273.15)/100)^3)*101325/(8.31446261815324*($A$6+273.15)) -> 0.99308877 | G6: =1+0.000001*(75.188632-565.620467/(($A$6+273.15)/100)+601.464888/(($A$6+273.15)/100)^2-2018.286032/(($A$6+273.15)/100)^3)*300000/(8.31446261815324*($A$6+273.15)) -> 0.97953745 | H6: =(20.823075+0.059235957*($A$6+273.15)-0.00000051159127*($A$6+273.15)^2-0.000000048979736*($A$6+273.15)^3-($A$6+273.15)*0.0000000001*(-1131.240934/(($A$6+273.15)/100)^3+3608.789328/(($A$6+273.15)/100)^4-24219.432384/(($A$6+273.15)/100)^5)*101325) -> 36.276153 | I6: =((20.823075+0.059235957*($A$6+273.15)-0.00000051159127*($A$6+273.15)^2-0.000000048979736*($A$6+273.15)^3-($A$6+273.15)*0.0000000001*(-1131.240934/(($A$6+273.15)/100)^3+3608.789328/(($A$6+273.15)/100)^4-24219.432384/(($A$6+273.15)/100)^5)*101325))/(((20.823075+0.059235957*($A$6+273.15)-0.00000051159127*($A$6+273.15)^2-0.000000048979736*($A$6+273.15)^3)-8.31446261815324-($A$6+273.15)*8.31446261815324*(2*0.00000001*(565.620467/(($A$6+273.15)/100)^2-1202.929776/(($A$6+273.15)/100)^3+6054.858096/(($A$6+273.15)/100)^4)+($A$6+273.15)*0.0000000001*(-1131.240934/(($A$6+273.15)/100)^3+3608.789328/(($A$6+273.15)/100)^4-24219.432384/(($A$6+273.15)/100)^5))*(101325/((1+0.000001*(75.188632-565.620467/(($A$6+273.15)/100)+601.464888/(($A$6+273.15)/100)^2-2018.286032/(($A$6+273.15)/100)^3)*101325/(8.31446261815324*($A$6+273.15)))*8.31446261815324*($A$6+273.15))))) -> 1.3095772 | J6: =0.00000100697*SQRT(($A$6+273.15))/EXP(0.235156-0.491266*LN(($A$6+273.15)/251.196)+0.05211155*LN(($A$6+273.15)/251.196)^2+0.05347906*LN(($A$6+273.15)/251.196)^3-0.01537102*LN(($A$6+273.15)/251.196)^4)*1000000 -> 13.579161 | K6: =0.001*(-2.8088692+0.053424539*($A$6+273.15)+0.000038923913*($A$6+273.15)^2)*1000 -> 14.501714 | L6: =((($A$6+273.15)*0.00000001*(565.620467/(($A$6+273.15)/100)^2-1202.929776/(($A$6+273.15)/100)^3+6054.858096/(($A$6+273.15)/100)^4))-(0.000001*(75.188632-565.620467/(($A$6+273.15)/100)+601.464888/(($A$6+273.15)/100)^2-2018.286032/(($A$6+273.15)/100)^3)))/(20.823075+0.059235957*($A$6+273.15)-0.00000051159127*($A$6+273.15)^2-0.000000048979736*($A$6+273.15)^3)*100000 -> 1.4050486
A7: 0 | B7: =22064000*EXP(647.096/($A$7+273.15)*(-7.85951783*(1-($A$7+273.15)/647.096)+1.84408259*(1-($A$7+273.15)/647.096)^1.5-11.7866497*(1-($A$7+273.15)/647.096)^3+22.6807411*(1-($A$7+273.15)/647.096)^3.5-15.9618719*(1-($A$7+273.15)/647.096)^4+1.80122502*(1-($A$7+273.15)/647.096)^7.5)) -> 611.21285 | C7: =0.000001*(75.188632-565.620467/(($A$7+273.15)/100)+601.464888/(($A$7+273.15)/100)^2-2018.286032/(($A$7+273.15)/100)^3)*1000000 -> -150.30387 | D7: =0.000001*(-236.26407+204871.53/($A$7+273.15)-59999434/($A$7+273.15)^2)*1000000 -> -290.39523 | E7: =0.000001*(19202.081-20032490/($A$7+273.15)+7075968700/($A$7+273.15)^2-870743060000/($A$7+273.15)^3)*1000000 -> -2023.8921 | F7: =1+0.000001*(75.188632-565.620467/(($A$7+273.15)/100)+601.464888/(($A$7+273.15)/100)^2-2018.286032/(($A$7+273.15)/100)^3)*101325/(8.31446261815324*($A$7+273.15)) -> 0.99329419 | G7: =1+0.000001*(75.188632-565.620467/(($A$7+273.15)/100)+601.464888/(($A$7+273.15)/100)^2-2018.286032/(($A$7+273.15)/100)^3)*300000/(8.31446261815324*($A$7+273.15)) -> 0.98014563 | H7: =(20.823075+0.059235957*($A$7+273.15)-0.00000051159127*($A$7+273.15)^2-0.000000048979736*($A$7+273.15)^3-($A$7+273.15)*0.0000000001*(-1131.240934/(($A$7+273.15)/100)^3+3608.789328/(($A$7+273.15)/100)^4-24219.432384/(($A$7+273.15)/100)^5)*101325) -> 36.382041 | I7: =((20.823075+0.059235957*($A$7+273.15)-0.00000051159127*($A$7+273.15)^2-0.000000048979736*($A$7+273.15)^3-($A$7+273.15)*0.0000000001*(-1131.240934/(($A$7+273.15)/100)^3+3608.789328/(($A$7+273.15)/100)^4-24219.432384/(($A$7+273.15)/100)^5)*101325))/(((20.823075+0.059235957*($A$7+273.15)-0.00000051159127*($A$7+273.15)^2-0.000000048979736*($A$7+273.15)^3)-8.31446261815324-($A$7+273.15)*8.31446261815324*(2*0.00000001*(565.620467/(($A$7+273.15)/100)^2-1202.929776/(($A$7+273.15)/100)^3+6054.858096/(($A$7+273.15)/100)^4)+($A$7+273.15)*0.0000000001*(-1131.240934/(($A$7+273.15)/100)^3+3608.789328/(($A$7+273.15)/100)^4-24219.432384/(($A$7+273.15)/100)^5))*(101325/((1+0.000001*(75.188632-565.620467/(($A$7+273.15)/100)+601.464888/(($A$7+273.15)/100)^2-2018.286032/(($A$7+273.15)/100)^3)*101325/(8.31446261815324*($A$7+273.15)))*8.31446261815324*($A$7+273.15))))) -> 1.3080369 | J7: =0.00000100697*SQRT(($A$7+273.15))/EXP(0.235156-0.491266*LN(($A$7+273.15)/251.196)+0.05211155*LN(($A$7+273.15)/251.196)^2+0.05347906*LN(($A$7+273.15)/251.196)^3-0.01537102*LN(($A$7+273.15)/251.196)^4)*1000000 -> 13.702329 | K7: =0.001*(-2.8088692+0.053424539*($A$7+273.15)+0.000038923913*($A$7+273.15)^2)*1000 -> 14.688193 | L7: =((($A$7+273.15)*0.00000001*(565.620467/(($A$7+273.15)/100)^2-1202.929776/(($A$7+273.15)/100)^3+6054.858096/(($A$7+273.15)/100)^4))-(0.000001*(75.188632-565.620467/(($A$7+273.15)/100)+601.464888/(($A$7+273.15)/100)^2-2018.286032/(($A$7+273.15)/100)^3)))/(20.823075+0.059235957*($A$7+273.15)-0.00000051159127*($A$7+273.15)^2-0.000000048979736*($A$7+273.15)^3)*100000 -> 1.3713917
A8: 2.5 | B8: =22064000*EXP(647.096/($A$8+273.15)*(-7.85951783*(1-($A$8+273.15)/647.096)+1.84408259*(1-($A$8+273.15)/647.096)^1.5-11.7866497*(1-($A$8+273.15)/647.096)^3+22.6807411*(1-($A$8+273.15)/647.096)^3.5-15.9618719*(1-($A$8+273.15)/647.096)^4+1.80122502*(1-($A$8+273.15)/647.096)^7.5)) -> 731.60124 | C8: =0.000001*(75.188632-565.620467/(($A$8+273.15)/100)+601.464888/(($A$8+273.15)/100)^2-2018.286032/(($A$8+273.15)/100)^3)*1000000 -> -147.21127 | D8: =0.000001*(-236.26407+204871.53/($A$8+273.15)-59999434/($A$8+273.15)^2)*1000000 -> -282.67709 | E8: =0.000001*(19202.081-20032490/($A$8+273.15)+7075968700/($A$8+273.15)^2-870743060000/($A$8+273.15)^3)*1000000 -> -1919.2327 | F8: =1+0.000001*(75.188632-565.620467/(($A$8+273.15)/100)+601.464888/(($A$8+273.15)/100)^2-2018.286032/(($A$8+273.15)/100)^3)*101325/(8.31446261815324*($A$8+273.15)) -> 0.99349173 | G8: =1+0.000001*(75.188632-565.620467/(($A$8+273.15)/100)+601.464888/(($A$8+273.15)/100)^2-2018.286032/(($A$8+273.15)/100)^3)*300000/(8.31446261815324*($A$8+273.15)) -> 0.98073051 | H8: =(20.823075+0.059235957*($A$8+273.15)-0.00000051159127*($A$8+273.15)^2-0.000000048979736*($A$8+273.15)^3-($A$8+273.15)*0.0000000001*(-1131.240934/(($A$8+273.15)/100)^3+3608.789328/(($A$8+273.15)/100)^4-24219.432384/(($A$8+273.15)/100)^5)*101325) -> 36.488057 | I8: =((20.823075+0.059235957*($A$8+273.15)-0.00000051159127*($A$8+273.15)^2-0.000000048979736*($A$8+273.15)^3-($A$8+273.15)*0.0000000001*(-1131.240934/(($A$8+273.15)/100)^3+3608.789328/(($A$8+273.15)/100)^4-24219.432384/(($A$8+273.15)/100)^5)*101325))/(((20.823075+0.059235957*($A$8+273.15)-0.00000051159127*($A$8+273.15)^2-0.000000048979736*($A$8+273.15)^3)-8.31446261815324-($A$8+273.15)*8.31446261815324*(2*0.00000001*(565.620467/(($A$8+273.15)/100)^2-1202.929776/(($A$8+273.15)/100)^3+6054.858096/(($A$8+273.15)/100)^4)+($A$8+273.15)*0.0000000001*(-1131.240934/(($A$8+273.15)/100)^3+3608.789328/(($A$8+273.15)/100)^4-24219.432384/(($A$8+273.15)/100)^5))*(101325/((1+0.000001*(75.188632-565.620467/(($A$8+273.15)/100)+601.464888/(($A$8+273.15)/100)^2-2018.286032/(($A$8+273.15)/100)^3)*101325/(8.31446261815324*($A$8+273.15)))*8.31446261815324*($A$8+273.15))))) -> 1.3065226 | J8: =0.00000100697*SQRT(($A$8+273.15))/EXP(0.235156-0.491266*LN(($A$8+273.15)/251.196)+0.05211155*LN(($A$8+273.15)/251.196)^2+0.05347906*LN(($A$8+273.15)/251.196)^3-0.01537102*LN(($A$8+273.15)/251.196)^4)*1000000 -> 13.825327 | K8: =0.001*(-2.8088692+0.053424539*($A$8+273.15)+0.000038923913*($A$8+273.15)^2)*1000 -> 14.875158 | L8: =((($A$8+273.15)*0.00000001*(565.620467/(($A$8+273.15)/100)^2-1202.929776/(($A$8+273.15)/100)^3+6054.858096/(($A$8+273.15)/100)^4))-(0.000001*(75.188632-565.620467/(($A$8+273.15)/100)+601.464888/(($A$8+273.15)/100)^2-2018.286032/(($A$8+273.15)/100)^3)))/(20.823075+0.059235957*($A$8+273.15)-0.00000051159127*($A$8+273.15)^2-0.000000048979736*($A$8+273.15)^3)*100000 -> 1.338937
A9: 5 | B9: =22064000*EXP(647.096/($A$9+273.15)*(-7.85951783*(1-($A$9+273.15)/647.096)+1.84408259*(1-($A$9+273.15)/647.096)^1.5-11.7866497*(1-($A$9+273.15)/647.096)^3+22.6807411*(1-($A$9+273.15)/647.096)^3.5-15.9618719*(1-($A$9+273.15)/647.096)^4+1.80122502*(1-($A$9+273.15)/647.096)^7.5)) -> 872.53022 | C9: =0.000001*(75.188632-565.620467/(($A$9+273.15)/100)+601.464888/(($A$9+273.15)/100)^2-2018.286032/(($A$9+273.15)/100)^3)*1000000 -> -144.2085 | D9: =0.000001*(-236.26407+204871.53/($A$9+273.15)-59999434/($A$9+273.15)^2)*1000000 -> -275.22644 | E9: =0.000001*(19202.081-20032490/($A$9+273.15)+7075968700/($A$9+273.15)^2-870743060000/($A$9+273.15)^3)*1000000 -> -1821.6072 | F9: =1+0.000001*(75.188632-565.620467/(($A$9+273.15)/100)+601.464888/(($A$9+273.15)/100)^2-2018.286032/(($A$9+273.15)/100)^3)*101325/(8.31446261815324*($A$9+273.15)) -> 0.99368179 | G9: =1+0.000001*(75.188632-565.620467/(($A$9+273.15)/100)+601.464888/(($A$9+273.15)/100)^2-2018.286032/(($A$9+273.15)/100)^3)*300000/(8.31446261815324*($A$9+273.15)) -> 0.98129323 | H9: =(20.823075+0.059235957*($A$9+273.15)-0.00000051159127*($A$9+273.15)^2-0.000000048979736*($A$9+273.15)^3-($A$9+273.15)*0.0000000001*(-1131.240934/(($A$9+273.15)/100)^3+3608.789328/(($A$9+273.15)/100)^4-24219.432384/(($A$9+273.15)/100)^5)*101325) -> 36.594161 | I9: =((20.823075+0.059235957*($A$9+273.15)-0.00000051159127*($A$9+273.15)^2-0.000000048979736*($A$9+273.15)^3-($A$9+273.15)*0.0000000001*(-1131.240934/(($A$9+273.15)/100)^3+3608.789328/(($A$9+273.15)/100)^4-24219.432384/(($A$9+273.15)/100)^5)*101325))/(((20.823075+0.059235957*($A$9+273.15)-0.00000051159127*($A$9+273.15)^2-0.000000048979736*($A$9+273.15)^3)-8.31446261815324-($A$9+273.15)*8.31446261815324*(2*0.00000001*(565.620467/(($A$9+273.15)/100)^2-1202.929776/(($A$9+273.15)/100)^3+6054.858096/(($A$9+273.15)/100)^4)+($A$9+273.15)*0.0000000001*(-1131.240934/(($A$9+273.15)/100)^3+3608.789328/(($A$9+273.15)/100)^4-24219.432384/(($A$9+273.15)/100)^5))*(101325/((1+0.000001*(75.188632-565.620467/(($A$9+273.15)/100)+601.464888/(($A$9+273.15)/100)^2-2018.286032/(($A$9+273.15)/100)^3)*101325/(8.31446261815324*($A$9+273.15)))*8.31446261815324*($A$9+273.15))))) -> 1.3050338 | J9: =0.00000100697*SQRT(($A$9+273.15))/EXP(0.235156-0.491266*LN(($A$9+273.15)/251.196)+0.05211155*LN(($A$9+273.15)/251.196)^2+0.05347906*LN(($A$9+273.15)/251.196)^3-0.01537102*LN(($A$9+273.15)/251.196)^4)*1000000 -> 13.948152 | K9: =0.001*(-2.8088692+0.053424539*($A$9+273.15)+0.000038923913*($A$9+273.15)^2)*1000 -> 15.062609 | L9: =((($A$9+273.15)*0.00000001*(565.620467/(($A$9+273.15)/100)^2-1202.929776/(($A$9+273.15)/100)^3+6054.858096/(($A$9+273.15)/100)^4))-(0.000001*(75.188632-565.620467/(($A$9+273.15)/100)+601.464888/(($A$9+273.15)/100)^2-2018.286032/(($A$9+273.15)/100)^3)))/(20.823075+0.059235957*($A$9+273.15)-0.00000051159127*($A$9+273.15)^2-0.000000048979736*($A$9+273.15)^3)*100000 -> 1.3076293
A10: 7.5 | B10: =22064000*EXP(647.096/($A$10+273.15)*(-7.85951783*(1-($A$10+273.15)/647.096)+1.84408259*(1-($A$10+273.15)/647.096)^1.5-11.7866497*(1-($A$10+273.15)/647.096)^3+22.6807411*(1-($A$10+273.15)/647.096)^3.5-15.9618719*(1-($A$10+273.15)/647.096)^4+1.80122502*(1-($A$10+273.15)/647.096)^7.5)) -> 1036.9416 | C10: =0.000001*(75.188632-565.620467/(($A$10+273.15)/100)+601.464888/(($A$10+273.15)/100)^2-2018.286032/(($A$10+273.15)/100)^3)*1000000 -> -141.29184 | D10: =0.000001*(-236.26407+204871.53/($A$10+273.15)-59999434/($A$10+273.15)^2)*1000000 -> -268.03272 | E10: =0.000001*(19202.081-20032490/($A$10+273.15)+7075968700/($A$10+273.15)^2-870743060000/($A$10+273.15)^3)*1000000 -> -1730.5147 | F10: =1+0.000001*(75.188632-565.620467/(($A$10+273.15)/100)+601.464888/(($A$10+273.15)/100)^2-2018.286032/(($A$10+273.15)/100)^3)*101325/(8.31446261815324*($A$10+273.15)) -> 0.99386472 | G10: =1+0.000001*(75.188632-565.620467/(($A$10+273.15)/100)+601.464888/(($A$10+273.15)/100)^2-2018.286032/(($A$10+273.15)/100)^3)*300000/(8.31446261815324*($A$10+273.15)) -> 0.98183485 | H10: =(20.823075+0.059235957*($A$10+273.15)-0.00000051159127*($A$10+273.15)^2-0.000000048979736*($A$10+273.15)^3-($A$10+273.15)*0.0000000001*(-1131.240934/(($A$10+273.15)/100)^3+3608.789328/(($A$10+273.15)/100)^4-24219.432384/(($A$10+273.15)/100)^5)*101325) -> 36.700318 | I10: =((20.823075+0.059235957*($A$10+273.15)-0.00000051159127*($A$10+273.15)^2-0.000000048979736*($A$10+273.15)^3-($A$10+273.15)*0.0000000001*(-1131.240934/(($A$10+273.15)/100)^3+3608.789328/(($A$10+273.15)/100)^4-24219.432384/(($A$10+273.15)/100)^5)*101325))/(((20.823075+0.059235957*($A$10+273.15)-0.00000051159127*($A$10+273.15)^2-0.000000048979736*($A$10+273.15)^3)-8.31446261815324-($A$10+273.15)*8.31446261815324*(2*0.00000001*(565.620467/(($A$10+273.15)/100)^2-1202.929776/(($A$10+273.15)/100)^3+6054.858096/(($A$10+273.15)/100)^4)+($A$10+273.15)*0.0000000001*(-1131.240934/(($A$10+273.15)/100)^3+3608.789328/(($A$10+273.15)/100)^4-24219.432384/(($A$10+273.15)/100)^5))*(101325/((1+0.000001*(75.188632-565.620467/(($A$10+273.15)/100)+601.464888/(($A$10+273.15)/100)^2-2018.286032/(($A$10+273.15)/100)^3)*101325/(8.31446261815324*($A$10+273.15)))*8.31446261815324*($A$10+273.15))))) -> 1.3035698 | J10: =0.00000100697*SQRT(($A$10+273.15))/EXP(0.235156-0.491266*LN(($A$10+273.15)/251.196)+0.05211155*LN(($A$10+273.15)/251.196)^2+0.05347906*LN(($A$10+273.15)/251.196)^3-0.01537102*LN(($A$10+273.15)/251.196)^4)*1000000 -> 14.070802 | K10: =0.001*(-2.8088692+0.053424539*($A$10+273.15)+0.000038923913*($A$10+273.15)^2)*1000 -> 15.250547 | L10: =((($A$10+273.15)*0.00000001*(565.620467/(($A$10+273.15)/100)^2-1202.929776/(($A$10+273.15)/100)^3+6054.858096/(($A$10+273.15)/100)^4))-(0.000001*(75.188632-565.620467/(($A$10+273.15)/100)+601.464888/(($A$10+273.15)/100)^2-2018.286032/(($A$10+273.15)/100)^3)))/(20.823075+0.059235957*($A$10+273.15)-0.00000051159127*($A$10+273.15)^2-0.000000048979736*($A$10+273.15)^3)*100000 -> 1.2774162
A11: 10 | B11: =22064000*EXP(647.096/($A$11+273.15)*(-7.85951783*(1-($A$11+273.15)/647.096)+1.84408259*(1-($A$11+273.15)/647.096)^1.5-11.7866497*(1-($A$11+273.15)/647.096)^3+22.6807411*(1-($A$11+273.15)/647.096)^3.5-15.9618719*(1-($A$11+273.15)/647.096)^4+1.80122502*(1-($A$11+273.15)/647.096)^7.5)) -> 1228.1122 | C11: =0.000001*(75.188632-565.620467/(($A$11+273.15)/100)+601.464888/(($A$11+273.15)/100)^2-2018.286032/(($A$11+273.15)/100)^3)*1000000 -> -138.45776 | D11: =0.000001*(-236.26407+204871.53/($A$11+273.15)-59999434/($A$11+273.15)^2)*1000000 -> -261.08586 | E11: =0.000001*(19202.081-20032490/($A$11+273.15)+7075968700/($A$11+273.15)^2-870743060000/($A$11+273.15)^3)*1000000 -> -1645.4892 | F11: =1+0.000001*(75.188632-565.620467/(($A$11+273.15)/100)+601.464888/(($A$11+273.15)/100)^2-2018.286032/(($A$11+273.15)/100)^3)*101325/(8.31446261815324*($A$11+273.15)) -> 0.99404087 | G11: =1+0.000001*(75.188632-565.620467/(($A$11+273.15)/100)+601.464888/(($A$11+273.15)/100)^2-2018.286032/(($A$11+273.15)/100)^3)*300000/(8.31446261815324*($A$11+273.15)) -> 0.98235638 | H11: =(20.823075+0.059235957*($A$11+273.15)-0.00000051159127*($A$11+273.15)^2-0.000000048979736*($A$11+273.15)^3-($A$11+273.15)*0.0000000001*(-1131.240934/(($A$11+273.15)/100)^3+3608.789328/(($A$11+273.15)/100)^4-24219.432384/(($A$11+273.15)/100)^5)*101325) -> 36.806493 | I11: =((20.823075+0.059235957*($A$11+273.15)-0.00000051159127*($A$11+273.15)^2-0.000000048979736*($A$11+273.15)^3-($A$11+273.15)*0.0000000001*(-1131.240934/(($A$11+273.15)/100)^3+3608.789328/(($A$11+273.15)/100)^4-24219.432384/(($A$11+273.15)/100)^5)*101325))/(((20.823075+0.059235957*($A$11+273.15)-0.00000051159127*($A$11+273.15)^2-0.000000048979736*($A$11+273.15)^3)-8.31446261815324-($A$11+273.15)*8.31446261815324*(2*0.00000001*(565.620467/(($A$11+273.15)/100)^2-1202.929776/(($A$11+273.15)/100)^3+6054.858096/(($A$11+273.15)/100)^4)+($A$11+273.15)*0.0000000001*(-1131.240934/(($A$11+273.15)/100)^3+3608.789328/(($A$11+273.15)/100)^4-24219.432384/(($A$11+273.15)/100)^5))*(101325/((1+0.000001*(75.188632-565.620467/(($A$11+273.15)/100)+601.464888/(($A$11+273.15)/100)^2-2018.286032/(($A$11+273.15)/100)^3)*101325/(8.31446261815324*($A$11+273.15)))*8.31446261815324*($A$11+273.15))))) -> 1.3021298 | J11: =0.00000100697*SQRT(($A$11+273.15))/EXP(0.235156-0.491266*LN(($A$11+273.15)/251.196)+0.05211155*LN(($A$11+273.15)/251.196)^2+0.05347906*LN(($A$11+273.15)/251.196)^3-0.01537102*LN(($A$11+273.15)/251.196)^4)*1000000 -> 14.193274 | K11: =0.001*(-2.8088692+0.053424539*($A$11+273.15)+0.000038923913*($A$11+273.15)^2)*1000 -> 15.438972 | L11: =((($A$11+273.15)*0.00000001*(565.620467/(($A$11+273.15)/100)^2-1202.929776/(($A$11+273.15)/100)^3+6054.858096/(($A$11+273.15)/100)^4))-(0.000001*(75.188632-565.620467/(($A$11+273.15)/100)+601.464888/(($A$11+273.15)/100)^2-2018.286032/(($A$11+273.15)/100)^3)))/(20.823075+0.059235957*($A$11+273.15)-0.00000051159127*($A$11+273.15)^2-0.000000048979736*($A$11+273.15)^3)*100000 -> 1.2482485
A12: 12.5 | B12: =22064000*EXP(647.096/($A$12+273.15)*(-7.85951783*(1-($A$12+273.15)/647.096)+1.84408259*(1-($A$12+273.15)/647.096)^1.5-11.7866497*(1-($A$12+273.15)/647.096)^3+22.6807411*(1-($A$12+273.15)/647.096)^3.5-15.9618719*(1-($A$12+273.15)/647.096)^4+1.80122502*(1-($A$12+273.15)/647.096)^7.5)) -> 1449.6809 | C12: =0.000001*(75.188632-565.620467/(($A$12+273.15)/100)+601.464888/(($A$12+273.15)/100)^2-2018.286032/(($A$12+273.15)/100)^3)*1000000 -> -135.70292 | D12: =0.000001*(-236.26407+204871.53/($A$12+273.15)-59999434/($A$12+273.15)^2)*1000000 -> -254.37627 | E12: =0.000001*(19202.081-20032490/($A$12+273.15)+7075968700/($A$12+273.15)^2-870743060000/($A$12+273.15)^3)*1000000 -> -1566.097 | F12: =1+0.000001*(75.188632-565.620467/(($A$12+273.15)/100)+601.464888/(($A$12+273.15)/100)^2-2018.286032/(($A$12+273.15)/100)^3)*101325/(8.31446261815324*($A$12+273.15)) -> 0.99421055 | G12: =1+0.000001*(75.188632-565.620467/(($A$12+273.15)/100)+601.464888/(($A$12+273.15)/100)^2-2018.286032/(($A$12+273.15)/100)^3)*300000/(8.31446261815324*($A$12+273.15)) -> 0.98285877 | H12: =(20.823075+0.059235957*($A$12+273.15)-0.00000051159127*($A$12+273.15)^2-0.000000048979736*($A$12+273.15)^3-($A$12+273.15)*0.0000000001*(-1131.240934/(($A$12+273.15)/100)^3+3608.789328/(($A$12+273.15)/100)^4-24219.432384/(($A$12+273.15)/100)^5)*101325) -> 36.912652 | I12: =((20.823075+0.059235957*($A$12+273.15)-0.00000051159127*($A$12+273.15)^2-0.000000048979736*($A$12+273.15)^3-($A$12+273.15)*0.0000000001*(-1131.240934/(($A$12+273.15)/100)^3+3608.789328/(($A$12+273.15)/100)^4-24219.432384/(($A$12+273.15)/100)^5)*101325))/(((20.823075+0.059235957*($A$12+273.15)-0.00000051159127*($A$12+273.15)^2-0.000000048979736*($A$12+273.15)^3)-8.31446261815324-($A$12+273.15)*8.31446261815324*(2*0.00000001*(565.620467/(($A$12+273.15)/100)^2-1202.929776/(($A$12+273.15)/100)^3+6054.858096/(($A$12+273.15)/100)^4)+($A$12+273.15)*0.0000000001*(-1131.240934/(($A$12+273.15)/100)^3+3608.789328/(($A$12+273.15)/100)^4-24219.432384/(($A$12+273.15)/100)^5))*(101325/((1+0.000001*(75.188632-565.620467/(($A$12+273.15)/100)+601.464888/(($A$12+273.15)/100)^2-2018.286032/(($A$12+273.15)/100)^3)*101325/(8.31446261815324*($A$12+273.15)))*8.31446261815324*($A$12+273.15))))) -> 1.3007134 | J12: =0.00000100697*SQRT(($A$12+273.15))/EXP(0.235156-0.491266*LN(($A$12+273.15)/251.196)+0.05211155*LN(($A$12+273.15)/251.196)^2+0.05347906*LN(($A$12+273.15)/251.196)^3-0.01537102*LN(($A$12+273.15)/251.196)^4)*1000000 -> 14.315565 | K12: =0.001*(-2.8088692+0.053424539*($A$12+273.15)+0.000038923913*($A$12+273.15)^2)*1000 -> 15.627883 | L12: =((($A$12+273.15)*0.00000001*(565.620467/(($A$12+273.15)/100)^2-1202.929776/(($A$12+273.15)/100)^3+6054.858096/(($A$12+273.15)/100)^4))-(0.000001*(75.188632-565.620467/(($A$12+273.15)/100)+601.464888/(($A$12+273.15)/100)^2-2018.286032/(($A$12+273.15)/100)^3)))/(20.823075+0.059235957*($A$12+273.15)-0.00000051159127*($A$12+273.15)^2-0.000000048979736*($A$12+273.15)^3)*100000 -> 1.2200794
A13: 15 | B13: =22064000*EXP(647.096/($A$13+273.15)*(-7.85951783*(1-($A$13+273.15)/647.096)+1.84408259*(1-($A$13+273.15)/647.096)^1.5-11.7866497*(1-($A$13+273.15)/647.096)^3+22.6807411*(1-($A$13+273.15)/647.096)^3.5-15.9618719*(1-($A$13+273.15)/647.096)^4+1.80122502*(1-($A$13+273.15)/647.096)^7.5)) -> 1705.677 | C13: =0.000001*(75.188632-565.620467/(($A$13+273.15)/100)+601.464888/(($A$13+273.15)/100)^2-2018.286032/(($A$13+273.15)/100)^3)*1000000 -> -133.02414 | D13: =0.000001*(-236.26407+204871.53/($A$13+273.15)-59999434/($A$13+273.15)^2)*1000000 -> -247.89478 | E13: =0.000001*(19202.081-20032490/($A$13+273.15)+7075968700/($A$13+273.15)^2-870743060000/($A$13+273.15)^3)*1000000 -> -1491.9342 | F13: =1+0.000001*(75.188632-565.620467/(($A$13+273.15)/100)+601.464888/(($A$13+273.15)/100)^2-2018.286032/(($A$13+273.15)/100)^3)*101325/(8.31446261815324*($A$13+273.15)) -> 0.99437407 | G13: =1+0.000001*(75.188632-565.620467/(($A$13+273.15)/100)+601.464888/(($A$13+273.15)/100)^2-2018.286032/(($A$13+273.15)/100)^3)*300000/(8.31446261815324*($A$13+273.15)) -> 0.98334292 | H13: =(20.823075+0.059235957*($A$13+273.15)-0.00000051159127*($A$13+273.15)^2-0.000000048979736*($A$13+273.15)^3-($A$13+273.15)*0.0000000001*(-1131.240934/(($A$13+273.15)/100)^3+3608.789328/(($A$13+273.15)/100)^4-24219.432384/(($A$13+273.15)/100)^5)*101325) -> 37.018766 | I13: =((20.823075+0.059235957*($A$13+273.15)-0.00000051159127*($A$13+273.15)^2-0.000000048979736*($A$13+273.15)^3-($A$13+273.15)*0.0000000001*(-1131.240934/(($A$13+273.15)/100)^3+3608.789328/(($A$13+273.15)/100)^4-24219.432384/(($A$13+273.15)/100)^5)*101325))/(((20.823075+0.059235957*($A$13+273.15)-0.00000051159127*($A$13+273.15)^2-0.000000048979736*($A$13+273.15)^3)-8.31446261815324-($A$13+273.15)*8.31446261815324*(2*0.00000001*(565.620467/(($A$13+273.15)/100)^2-1202.929776/(($A$13+273.15)/100)^3+6054.858096/(($A$13+273.15)/100)^4)+($A$13+273.15)*0.0000000001*(-1131.240934/(($A$13+273.15)/100)^3+3608.789328/(($A$13+273.15)/100)^4-24219.432384/(($A$13+273.15)/100)^5))*(101325/((1+0.000001*(75.188632-565.620467/(($A$13+273.15)/100)+601.464888/(($A$13+273.15)/100)^2-2018.286032/(($A$13+273.15)/100)^3)*101325/(8.31446261815324*($A$13+273.15)))*8.31446261815324*($A$13+273.15))))) -> 1.2993198 | J13: =0.00000100697*SQRT(($A$13+273.15))/EXP(0.235156-0.491266*LN(($A$13+273.15)/251.196)+0.05211155*LN(($A$13+273.15)/251.196)^2+0.05347906*LN(($A$13+273.15)/251.196)^3-0.01537102*LN(($A$13+273.15)/251.196)^4)*1000000 -> 14.437675 | K13: =0.001*(-2.8088692+0.053424539*($A$13+273.15)+0.000038923913*($A$13+273.15)^2)*1000 -> 15.817281 | L13: =((($A$13+273.15)*0.00000001*(565.620467/(($A$13+273.15)/100)^2-1202.929776/(($A$13+273.15)/100)^3+6054.858096/(($A$13+273.15)/100)^4))-(0.000001*(75.188632-565.620467/(($A$13+273.15)/100)+601.464888/(($A$13+273.15)/100)^2-2018.286032/(($A$13+273.15)/100)^3)))/(20.823075+0.059235957*($A$13+273.15)-0.00000051159127*($A$13+273.15)^2-0.000000048979736*($A$13+273.15)^3)*100000 -> 1.1928648
A14: 17.5 | B14: =22064000*EXP(647.096/($A$14+273.15)*(-7.85951783*(1-($A$14+273.15)/647.096)+1.84408259*(1-($A$14+273.15)/647.096)^1.5-11.7866497*(1-($A$14+273.15)/647.096)^3+22.6807411*(1-($A$14+273.15)/647.096)^3.5-15.9618719*(1-($A$14+273.15)/647.096)^4+1.80122502*(1-($A$14+273.15)/647.096)^7.5)) -> 2000.5488 | C14: =0.000001*(75.188632-565.620467/(($A$14+273.15)/100)+601.464888/(($A$14+273.15)/100)^2-2018.286032/(($A$14+273.15)/100)^3)*1000000 -> -130.41841 | D14: =0.000001*(-236.26407+204871.53/($A$14+273.15)-59999434/($A$14+273.15)^2)*1000000 -> -241.63265 | E14: =0.000001*(19202.081-20032490/($A$14+273.15)+7075968700/($A$14+273.15)^2-870743060000/($A$14+273.15)^3)*1000000 -> -1422.6245 | F14: =1+0.000001*(75.188632-565.620467/(($A$14+273.15)/100)+601.464888/(($A$14+273.15)/100)^2-2018.286032/(($A$14+273.15)/100)^3)*101325/(8.31446261815324*($A$14+273.15)) -> 0.99453172 | G14: =1+0.000001*(75.188632-565.620467/(($A$14+273.15)/100)+601.464888/(($A$14+273.15)/100)^2-2018.286032/(($A$14+273.15)/100)^3)*300000/(8.31446261815324*($A$14+273.15)) -> 0.98380967 | H14: =(20.823075+0.059235957*($A$14+273.15)-0.00000051159127*($A$14+273.15)^2-0.000000048979736*($A$14+273.15)^3-($A$14+273.15)*0.0000000001*(-1131.240934/(($A$14+273.15)/100)^3+3608.789328/(($A$14+273.15)/100)^4-24219.432384/(($A$14+273.15)/100)^5)*101325) -> 37.124805 | I14: =((20.823075+0.059235957*($A$14+273.15)-0.00000051159127*($A$14+273.15)^2-0.000000048979736*($A$14+273.15)^3-($A$14+273.15)*0.0000000001*(-1131.240934/(($A$14+273.15)/100)^3+3608.789328/(($A$14+273.15)/100)^4-24219.432384/(($A$14+273.15)/100)^5)*101325))/(((20.823075+0.059235957*($A$14+273.15)-0.00000051159127*($A$14+273.15)^2-0.000000048979736*($A$14+273.15)^3)-8.31446261815324-($A$14+273.15)*8.31446261815324*(2*0.00000001*(565.620467/(($A$14+273.15)/100)^2-1202.929776/(($A$14+273.15)/100)^3+6054.858096/(($A$14+273.15)/100)^4)+($A$14+273.15)*0.0000000001*(-1131.240934/(($A$14+273.15)/100)^3+3608.789328/(($A$14+273.15)/100)^4-24219.432384/(($A$14+273.15)/100)^5))*(101325/((1+0.000001*(75.188632-565.620467/(($A$14+273.15)/100)+601.464888/(($A$14+273.15)/100)^2-2018.286032/(($A$14+273.15)/100)^3)*101325/(8.31446261815324*($A$14+273.15)))*8.31446261815324*($A$14+273.15))))) -> 1.2979487 | J14: =0.00000100697*SQRT(($A$14+273.15))/EXP(0.235156-0.491266*LN(($A$14+273.15)/251.196)+0.05211155*LN(($A$14+273.15)/251.196)^2+0.05347906*LN(($A$14+273.15)/251.196)^3-0.01537102*LN(($A$14+273.15)/251.196)^4)*1000000 -> 14.559599 | K14: =0.001*(-2.8088692+0.053424539*($A$14+273.15)+0.000038923913*($A$14+273.15)^2)*1000 -> 16.007165 | L14: =((($A$14+273.15)*0.00000001*(565.620467/(($A$14+273.15)/100)^2-1202.929776/(($A$14+273.15)/100)^3+6054.858096/(($A$14+273.15)/100)^4))-(0.000001*(75.188632-565.620467/(($A$14+273.15)/100)+601.464888/(($A$14+273.15)/100)^2-2018.286032/(($A$14+273.15)/100)^3)))/(20.823075+0.059235957*($A$14+273.15)-0.00000051159127*($A$14+273.15)^2-0.000000048979736*($A$14+273.15)^3)*100000 -> 1.1665628
A15: 20 | B15: =22064000*EXP(647.096/($A$15+273.15)*(-7.85951783*(1-($A$15+273.15)/647.096)+1.84408259*(1-($A$15+273.15)/647.096)^1.5-11.7866497*(1-($A$15+273.15)/647.096)^3+22.6807411*(1-($A$15+273.15)/647.096)^3.5-15.9618719*(1-($A$15+273.15)/647.096)^4+1.80122502*(1-($A$15+273.15)/647.096)^7.5)) -> 2339.1937 | C15: =0.000001*(75.188632-565.620467/(($A$15+273.15)/100)+601.464888/(($A$15+273.15)/100)^2-2018.286032/(($A$15+273.15)/100)^3)*1000000 -> -127.88286 | D15: =0.000001*(-236.26407+204871.53/($A$15+273.15)-59999434/($A$15+273.15)^2)*1000000 -> -235.58153 | E15: =0.000001*(19202.081-20032490/($A$15+273.15)+7075968700/($A$15+273.15)^2-870743060000/($A$15+273.15)^3)*1000000 -> -1357.8178 | F15: =1+0.000001*(75.188632-565.620467/(($A$15+273.15)/100)+601.464888/(($A$15+273.15)/100)^2-2018.286032/(($A$15+273.15)/100)^3)*101325/(8.31446261815324*($A$15+273.15)) -> 0.99468376 | G15: =1+0.000001*(75.188632-565.620467/(($A$15+273.15)/100)+601.464888/(($A$15+273.15)/100)^2-2018.286032/(($A$15+273.15)/100)^3)*300000/(8.31446261815324*($A$15+273.15)) -> 0.98425983 | H15: =(20.823075+0.059235957*($A$15+273.15)-0.00000051159127*($A$15+273.15)^2-0.000000048979736*($A$15+273.15)^3-($A$15+273.15)*0.0000000001*(-1131.240934/(($A$15+273.15)/100)^3+3608.789328/(($A$15+273.15)/100)^4-24219.432384/(($A$15+273.15)/100)^5)*101325) -> 37.23074 | I15: =((20.823075+0.059235957*($A$15+273.15)-0.00000051159127*($A$15+273.15)^2-0.000000048979736*($A$15+273.15)^3-($A$15+273.15)*0.0000000001*(-1131.240934/(($A$15+273.15)/100)^3+3608.789328/(($A$15+273.15)/100)^4-24219.432384/(($A$15+273.15)/100)^5)*101325))/(((20.823075+0.059235957*($A$15+273.15)-0.00000051159127*($A$15+273.15)^2-0.000000048979736*($A$15+273.15)^3)-8.31446261815324-($A$15+273.15)*8.31446261815324*(2*0.00000001*(565.620467/(($A$15+273.15)/100)^2-1202.929776/(($A$15+273.15)/100)^3+6054.858096/(($A$15+273.15)/100)^4)+($A$15+273.15)*0.0000000001*(-1131.240934/(($A$15+273.15)/100)^3+3608.789328/(($A$15+273.15)/100)^4-24219.432384/(($A$15+273.15)/100)^5))*(101325/((1+0.000001*(75.188632-565.620467/(($A$15+273.15)/100)+601.464888/(($A$15+273.15)/100)^2-2018.286032/(($A$15+273.15)/100)^3)*101325/(8.31446261815324*($A$15+273.15)))*8.31446261815324*($A$15+273.15))))) -> 1.2965993 | J15: =0.00000100697*SQRT(($A$15+273.15))/EXP(0.235156-0.491266*LN(($A$15+273.15)/251.196)+0.05211155*LN(($A$15+273.15)/251.196)^2+0.05347906*LN(($A$15+273.15)/251.196)^3-0.01537102*LN(($A$15+273.15)/251.196)^4)*1000000 -> 14.681337 | K15: =0.001*(-2.8088692+0.053424539*($A$15+273.15)+0.000038923913*($A$15+273.15)^2)*1000 -> 16.197536 | L15: =((($A$15+273.15)*0.00000001*(565.620467/(($A$15+273.15)/100)^2-1202.929776/(($A$15+273.15)/100)^3+6054.858096/(($A$15+273.15)/100)^4))-(0.000001*(75.188632-565.620467/(($A$15+273.15)/100)+601.464888/(($A$15+273.15)/100)^2-2018.286032/(($A$15+273.15)/100)^3)))/(20.823075+0.059235957*($A$15+273.15)-0.00000051159127*($A$15+273.15)^2-0.000000048979736*($A$15+273.15)^3)*100000 -> 1.1411338
A16: 22.5 | B16: =22064000*EXP(647.096/($A$16+273.15)*(-7.85951783*(1-($A$16+273.15)/647.096)+1.84408259*(1-($A$16+273.15)/647.096)^1.5-11.7866497*(1-($A$16+273.15)/647.096)^3+22.6807411*(1-($A$16+273.15)/647.096)^3.5-15.9618719*(1-($A$16+273.15)/647.096)^4+1.80122502*(1-($A$16+273.15)/647.096)^7.5)) -> 2726.9893 | C16: =0.000001*(75.188632-565.620467/(($A$16+273.15)/100)+601.464888/(($A$16+273.15)/100)^2-2018.286032/(($A$16+273.15)/100)^3)*1000000 -> -125.41476 | D16: =0.000001*(-236.26407+204871.53/($A$16+273.15)-59999434/($A$16+273.15)^2)*1000000 -> -229.73346 | E16: =0.000001*(19202.081-20032490/($A$16+273.15)+7075968700/($A$16+273.15)^2-870743060000/($A$16+273.15)^3)*1000000 -> -1297.1875 | F16: =1+0.000001*(75.188632-565.620467/(($A$16+273.15)/100)+601.464888/(($A$16+273.15)/100)^2-2018.286032/(($A$16+273.15)/100)^3)*101325/(8.31446261815324*($A$16+273.15)) -> 0.99483044 | G16: =1+0.000001*(75.188632-565.620467/(($A$16+273.15)/100)+601.464888/(($A$16+273.15)/100)^2-2018.286032/(($A$16+273.15)/100)^3)*300000/(8.31446261815324*($A$16+273.15)) -> 0.98469414 | H16: =(20.823075+0.059235957*($A$16+273.15)-0.00000051159127*($A$16+273.15)^2-0.000000048979736*($A$16+273.15)^3-($A$16+273.15)*0.0000000001*(-1131.240934/(($A$16+273.15)/100)^3+3608.789328/(($A$16+273.15)/100)^4-24219.432384/(($A$16+273.15)/100)^5)*101325) -> 37.336545 | I16: =((20.823075+0.059235957*($A$16+273.15)-0.00000051159127*($A$16+273.15)^2-0.000000048979736*($A$16+273.15)^3-($A$16+273.15)*0.0000000001*(-1131.240934/(($A$16+273.15)/100)^3+3608.789328/(($A$16+273.15)/100)^4-24219.432384/(($A$16+273.15)/100)^5)*101325))/(((20.823075+0.059235957*($A$16+273.15)-0.00000051159127*($A$16+273.15)^2-0.000000048979736*($A$16+273.15)^3)-8.31446261815324-($A$16+273.15)*8.31446261815324*(2*0.00000001*(565.620467/(($A$16+273.15)/100)^2-1202.929776/(($A$16+273.15)/100)^3+6054.858096/(($A$16+273.15)/100)^4)+($A$16+273.15)*0.0000000001*(-1131.240934/(($A$16+273.15)/100)^3+3608.789328/(($A$16+273.15)/100)^4-24219.432384/(($A$16+273.15)/100)^5))*(101325/((1+0.000001*(75.188632-565.620467/(($A$16+273.15)/100)+601.464888/(($A$16+273.15)/100)^2-2018.286032/(($A$16+273.15)/100)^3)*101325/(8.31446261815324*($A$16+273.15)))*8.31446261815324*($A$16+273.15))))) -> 1.2952713 | J16: =0.00000100697*SQRT(($A$16+273.15))/EXP(0.235156-0.491266*LN(($A$16+273.15)/251.196)+0.05211155*LN(($A$16+273.15)/251.196)^2+0.05347906*LN(($A$16+273.15)/251.196)^3-0.01537102*LN(($A$16+273.15)/251.196)^4)*1000000 -> 14.802886 | K16: =0.001*(-2.8088692+0.053424539*($A$16+273.15)+0.000038923913*($A$16+273.15)^2)*1000 -> 16.388393 | L16: =((($A$16+273.15)*0.00000001*(565.620467/(($A$16+273.15)/100)^2-1202.929776/(($A$16+273.15)/100)^3+6054.858096/(($A$16+273.15)/100)^4))-(0.000001*(75.188632-565.620467/(($A$16+273.15)/100)+601.464888/(($A$16+273.15)/100)^2-2018.286032/(($A$16+273.15)/100)^3)))/(20.823075+0.059235957*($A$16+273.15)-0.00000051159127*($A$16+273.15)^2-0.000000048979736*($A$16+273.15)^3)*100000 -> 1.1165402
A17: 25 | B17: =22064000*EXP(647.096/($A$17+273.15)*(-7.85951783*(1-($A$17+273.15)/647.096)+1.84408259*(1-($A$17+273.15)/647.096)^1.5-11.7866497*(1-($A$17+273.15)/647.096)^3+22.6807411*(1-($A$17+273.15)/647.096)^3.5-15.9618719*(1-($A$17+273.15)/647.096)^4+1.80122502*(1-($A$17+273.15)/647.096)^7.5)) -> 3169.8245 | C17: =0.000001*(75.188632-565.620467/(($A$17+273.15)/100)+601.464888/(($A$17+273.15)/100)^2-2018.286032/(($A$17+273.15)/100)^3)*1000000 -> -123.01152 | D17: =0.000001*(-236.26407+204871.53/($A$17+273.15)-59999434/($A$17+273.15)^2)*1000000 -> -224.0808 | E17: =0.000001*(19202.081-20032490/($A$17+273.15)+7075968700/($A$17+273.15)^2-870743060000/($A$17+273.15)^3)*1000000 -> -1240.4295 | F17: =1+0.000001*(75.188632-565.620467/(($A$17+273.15)/100)+601.464888/(($A$17+273.15)/100)^2-2018.286032/(($A$17+273.15)/100)^3)*101325/(8.31446261815324*($A$17+273.15)) -> 0.99497202 | G17: =1+0.000001*(75.188632-565.620467/(($A$17+273.15)/100)+601.464888/(($A$17+273.15)/100)^2-2018.286032/(($A$17+273.15)/100)^3)*300000/(8.31446261815324*($A$17+273.15)) -> 0.98511331 | H17: =(20.823075+0.059235957*($A$17+273.15)-0.00000051159127*($A$17+273.15)^2-0.000000048979736*($A$17+273.15)^3-($A$17+273.15)*0.0000000001*(-1131.240934/(($A$17+273.15)/100)^3+3608.789328/(($A$17+273.15)/100)^4-24219.432384/(($A$17+273.15)/100)^5)*101325) -> 37.442195 | I17: =((20.823075+0.059235957*($A$17+273.15)-0.00000051159127*($A$17+273.15)^2-0.000000048979736*($A$17+273.15)^3-($A$17+273.15)*0.0000000001*(-1131.240934/(($A$17+273.15)/100)^3+3608.789328/(($A$17+273.15)/100)^4-24219.432384/(($A$17+273.15)/100)^5)*101325))/(((20.823075+0.059235957*($A$17+273.15)-0.00000051159127*($A$17+273.15)^2-0.000000048979736*($A$17+273.15)^3)-8.31446261815324-($A$17+273.15)*8.31446261815324*(2*0.00000001*(565.620467/(($A$17+273.15)/100)^2-1202.929776/(($A$17+273.15)/100)^3+6054.858096/(($A$17+273.15)/100)^4)+($A$17+273.15)*0.0000000001*(-1131.240934/(($A$17+273.15)/100)^3+3608.789328/(($A$17+273.15)/100)^4-24219.432384/(($A$17+273.15)/100)^5))*(101325/((1+0.000001*(75.188632-565.620467/(($A$17+273.15)/100)+601.464888/(($A$17+273.15)/100)^2-2018.286032/(($A$17+273.15)/100)^3)*101325/(8.31446261815324*($A$17+273.15)))*8.31446261815324*($A$17+273.15))))) -> 1.2939641 | J17: =0.00000100697*SQRT(($A$17+273.15))/EXP(0.235156-0.491266*LN(($A$17+273.15)/251.196)+0.05211155*LN(($A$17+273.15)/251.196)^2+0.05347906*LN(($A$17+273.15)/251.196)^3-0.01537102*LN(($A$17+273.15)/251.196)^4)*1000000 -> 14.924243 | K17: =0.001*(-2.8088692+0.053424539*($A$17+273.15)+0.000038923913*($A$17+273.15)^2)*1000 -> 16.579737 | L17: =((($A$17+273.15)*0.00000001*(565.620467/(($A$17+273.15)/100)^2-1202.929776/(($A$17+273.15)/100)^3+6054.858096/(($A$17+273.15)/100)^4))-(0.000001*(75.188632-565.620467/(($A$17+273.15)/100)+601.464888/(($A$17+273.15)/100)^2-2018.286032/(($A$17+273.15)/100)^3)))/(20.823075+0.059235957*($A$17+273.15)-0.00000051159127*($A$17+273.15)^2-0.000000048979736*($A$17+273.15)^3)*100000 -> 1.0927465
A18: 27.5 | B18: =22064000*EXP(647.096/($A$18+273.15)*(-7.85951783*(1-($A$18+273.15)/647.096)+1.84408259*(1-($A$18+273.15)/647.096)^1.5-11.7866497*(1-($A$18+273.15)/647.096)^3+22.6807411*(1-($A$18+273.15)/647.096)^3.5-15.9618719*(1-($A$18+273.15)/647.096)^4+1.80122502*(1-($A$18+273.15)/647.096)^7.5)) -> 3674.1317 | C18: =0.000001*(75.188632-565.620467/(($A$18+273.15)/100)+601.464888/(($A$18+273.15)/100)^2-2018.286032/(($A$18+273.15)/100)^3)*1000000 -> -120.67068 | D18: =0.000001*(-236.26407+204871.53/($A$18+273.15)-59999434/($A$18+273.15)^2)*1000000 -> -218.61628 | E18: =0.000001*(19202.081-20032490/($A$18+273.15)+7075968700/($A$18+273.15)^2-870743060000/($A$18+273.15)^3)*1000000 -> -1187.2604 | F18: =1+0.000001*(75.188632-565.620467/(($A$18+273.15)/100)+601.464888/(($A$18+273.15)/100)^2-2018.286032/(($A$18+273.15)/100)^3)*101325/(8.31446261815324*($A$18+273.15)) -> 0.99510872 | G18: =1+0.000001*(75.188632-565.620467/(($A$18+273.15)/100)+601.464888/(($A$18+273.15)/100)^2-2018.286032/(($A$18+273.15)/100)^3)*300000/(8.31446261815324*($A$18+273.15)) -> 0.98551803 | H18: =(20.823075+0.059235957*($A$18+273.15)-0.00000051159127*($A$18+273.15)^2-0.000000048979736*($A$18+273.15)^3-($A$18+273.15)*0.0000000001*(-1131.240934/(($A$18+273.15)/100)^3+3608.789328/(($A$18+273.15)/100)^4-24219.432384/(($A$18+273.15)/100)^5)*101325) -> 37.547666 | I18: =((20.823075+0.059235957*($A$18+273.15)-0.00000051159127*($A$18+273.15)^2-0.000000048979736*($A$18+273.15)^3-($A$18+273.15)*0.0000000001*(-1131.240934/(($A$18+273.15)/100)^3+3608.789328/(($A$18+273.15)/100)^4-24219.432384/(($A$18+273.15)/100)^5)*101325))/(((20.823075+0.059235957*($A$18+273.15)-0.00000051159127*($A$18+273.15)^2-0.000000048979736*($A$18+273.15)^3)-8.31446261815324-($A$18+273.15)*8.31446261815324*(2*0.00000001*(565.620467/(($A$18+273.15)/100)^2-1202.929776/(($A$18+273.15)/100)^3+6054.858096/(($A$18+273.15)/100)^4)+($A$18+273.15)*0.0000000001*(-1131.240934/(($A$18+273.15)/100)^3+3608.789328/(($A$18+273.15)/100)^4-24219.432384/(($A$18+273.15)/100)^5))*(101325/((1+0.000001*(75.188632-565.620467/(($A$18+273.15)/100)+601.464888/(($A$18+273.15)/100)^2-2018.286032/(($A$18+273.15)/100)^3)*101325/(8.31446261815324*($A$18+273.15)))*8.31446261815324*($A$18+273.15))))) -> 1.2926772 | J18: =0.00000100697*SQRT(($A$18+273.15))/EXP(0.235156-0.491266*LN(($A$18+273.15)/251.196)+0.05211155*LN(($A$18+273.15)/251.196)^2+0.05347906*LN(($A$18+273.15)/251.196)^3-0.01537102*LN(($A$18+273.15)/251.196)^4)*1000000 -> 15.045408 | K18: =0.001*(-2.8088692+0.053424539*($A$18+273.15)+0.000038923913*($A$18+273.15)^2)*1000 -> 16.771567 | L18: =((($A$18+273.15)*0.00000001*(565.620467/(($A$18+273.15)/100)^2-1202.929776/(($A$18+273.15)/100)^3+6054.858096/(($A$18+273.15)/100)^4))-(0.000001*(75.188632-565.620467/(($A$18+273.15)/100)+601.464888/(($A$18+273.15)/100)^2-2018.286032/(($A$18+273.15)/100)^3)))/(20.823075+0.059235957*($A$18+273.15)-0.00000051159127*($A$18+273.15)^2-0.000000048979736*($A$18+273.15)^3)*100000 -> 1.0697187
A19: 30 | B19: =22064000*EXP(647.096/($A$19+273.15)*(-7.85951783*(1-($A$19+273.15)/647.096)+1.84408259*(1-($A$19+273.15)/647.096)^1.5-11.7866497*(1-($A$19+273.15)/647.096)^3+22.6807411*(1-($A$19+273.15)/647.096)^3.5-15.9618719*(1-($A$19+273.15)/647.096)^4+1.80122502*(1-($A$19+273.15)/647.096)^7.5)) -> 4246.9199 | C19: =0.000001*(75.188632-565.620467/(($A$19+273.15)/100)+601.464888/(($A$19+273.15)/100)^2-2018.286032/(($A$19+273.15)/100)^3)*1000000 -> -118.38987 | D19: =0.000001*(-236.26407+204871.53/($A$19+273.15)-59999434/($A$19+273.15)^2)*1000000 -> -213.33293 | E19: =0.000001*(19202.081-20032490/($A$19+273.15)+7075968700/($A$19+273.15)^2-870743060000/($A$19+273.15)^3)*1000000 -> -1137.4158 | F19: =1+0.000001*(75.188632-565.620467/(($A$19+273.15)/100)+601.464888/(($A$19+273.15)/100)^2-2018.286032/(($A$19+273.15)/100)^3)*101325/(8.31446261815324*($A$19+273.15)) -> 0.99524074 | G19: =1+0.000001*(75.188632-565.620467/(($A$19+273.15)/100)+601.464888/(($A$19+273.15)/100)^2-2018.286032/(($A$19+273.15)/100)^3)*300000/(8.31446261815324*($A$19+273.15)) -> 0.98590893 | H19: =(20.823075+0.059235957*($A$19+273.15)-0.00000051159127*($A$19+273.15)^2-0.000000048979736*($A$19+273.15)^3-($A$19+273.15)*0.0000000001*(-1131.240934/(($A$19+273.15)/100)^3+3608.789328/(($A$19+273.15)/100)^4-24219.432384/(($A$19+273.15)/100)^5)*101325) -> 37.652935 | I19: =((20.823075+0.059235957*($A$19+273.15)-0.00000051159127*($A$19+273.15)^2-0.000000048979736*($A$19+273.15)^3-($A$19+273.15)*0.0000000001*(-1131.240934/(($A$19+273.15)/100)^3+3608.789328/(($A$19+273.15)/100)^4-24219.432384/(($A$19+273.15)/100)^5)*101325))/(((20.823075+0.059235957*($A$19+273.15)-0.00000051159127*($A$19+273.15)^2-0.000000048979736*($A$19+273.15)^3)-8.31446261815324-($A$19+273.15)*8.31446261815324*(2*0.00000001*(565.620467/(($A$19+273.15)/100)^2-1202.929776/(($A$19+273.15)/100)^3+6054.858096/(($A$19+273.15)/100)^4)+($A$19+273.15)*0.0000000001*(-1131.240934/(($A$19+273.15)/100)^3+3608.789328/(($A$19+273.15)/100)^4-24219.432384/(($A$19+273.15)/100)^5))*(101325/((1+0.000001*(75.188632-565.620467/(($A$19+273.15)/100)+601.464888/(($A$19+273.15)/100)^2-2018.286032/(($A$19+273.15)/100)^3)*101325/(8.31446261815324*($A$19+273.15)))*8.31446261815324*($A$19+273.15))))) -> 1.2914102 | J19: =0.00000100697*SQRT(($A$19+273.15))/EXP(0.235156-0.491266*LN(($A$19+273.15)/251.196)+0.05211155*LN(($A$19+273.15)/251.196)^2+0.05347906*LN(($A$19+273.15)/251.196)^3-0.01537102*LN(($A$19+273.15)/251.196)^4)*1000000 -> 15.166378 | K19: =0.001*(-2.8088692+0.053424539*($A$19+273.15)+0.000038923913*($A$19+273.15)^2)*1000 -> 16.963884 | L19: =((($A$19+273.15)*0.00000001*(565.620467/(($A$19+273.15)/100)^2-1202.929776/(($A$19+273.15)/100)^3+6054.858096/(($A$19+273.15)/100)^4))-(0.000001*(75.188632-565.620467/(($A$19+273.15)/100)+601.464888/(($A$19+273.15)/100)^2-2018.286032/(($A$19+273.15)/100)^3)))/(20.823075+0.059235957*($A$19+273.15)-0.00000051159127*($A$19+273.15)^2-0.000000048979736*($A$19+273.15)^3)*100000 -> 1.047425
A20: 32.5 | B20: =22064000*EXP(647.096/($A$20+273.15)*(-7.85951783*(1-($A$20+273.15)/647.096)+1.84408259*(1-($A$20+273.15)/647.096)^1.5-11.7866497*(1-($A$20+273.15)/647.096)^3+22.6807411*(1-($A$20+273.15)/647.096)^3.5-15.9618719*(1-($A$20+273.15)/647.096)^4+1.80122502*(1-($A$20+273.15)/647.096)^7.5)) -> 4895.8078 | C20: =0.000001*(75.188632-565.620467/(($A$20+273.15)/100)+601.464888/(($A$20+273.15)/100)^2-2018.286032/(($A$20+273.15)/100)^3)*1000000 -> -116.16688 | D20: =0.000001*(-236.26407+204871.53/($A$20+273.15)-59999434/($A$20+273.15)^2)*1000000 -> -208.22409 | E20: =0.000001*(19202.081-20032490/($A$20+273.15)+7075968700/($A$20+273.15)^2-870743060000/($A$20+273.15)^3)*1000000 -> -1090.6494 | F20: =1+0.000001*(75.188632-565.620467/(($A$20+273.15)/100)+601.464888/(($A$20+273.15)/100)^2-2018.286032/(($A$20+273.15)/100)^3)*101325/(8.31446261815324*($A$20+273.15)) -> 0.9953683 | G20: =1+0.000001*(75.188632-565.620467/(($A$20+273.15)/100)+601.464888/(($A$20+273.15)/100)^2-2018.286032/(($A$20+273.15)/100)^3)*300000/(8.31446261815324*($A$20+273.15)) -> 0.98628661 | H20: =(20.823075+0.059235957*($A$20+273.15)-0.00000051159127*($A$20+273.15)^2-0.000000048979736*($A$20+273.15)^3-($A$20+273.15)*0.0000000001*(-1131.240934/(($A$20+273.15)/100)^3+3608.789328/(($A$20+273.15)/100)^4-24219.432384/(($A$20+273.15)/100)^5)*101325) -> 37.757979 | I20: =((20.823075+0.059235957*($A$20+273.15)-0.00000051159127*($A$20+273.15)^2-0.000000048979736*($A$20+273.15)^3-($A$20+273.15)*0.0000000001*(-1131.240934/(($A$20+273.15)/100)^3+3608.789328/(($A$20+273.15)/100)^4-24219.432384/(($A$20+273.15)/100)^5)*101325))/(((20.823075+0.059235957*($A$20+273.15)-0.00000051159127*($A$20+273.15)^2-0.000000048979736*($A$20+273.15)^3)-8.31446261815324-($A$20+273.15)*8.31446261815324*(2*0.00000001*(565.620467/(($A$20+273.15)/100)^2-1202.929776/(($A$20+273.15)/100)^3+6054.858096/(($A$20+273.15)/100)^4)+($A$20+273.15)*0.0000000001*(-1131.240934/(($A$20+273.15)/100)^3+3608.789328/(($A$20+273.15)/100)^4-24219.432384/(($A$20+273.15)/100)^5))*(101325/((1+0.000001*(75.188632-565.620467/(($A$20+273.15)/100)+601.464888/(($A$20+273.15)/100)^2-2018.286032/(($A$20+273.15)/100)^3)*101325/(8.31446261815324*($A$20+273.15)))*8.31446261815324*($A$20+273.15))))) -> 1.2901627 | J20: =0.00000100697*SQRT(($A$20+273.15))/EXP(0.235156-0.491266*LN(($A$20+273.15)/251.196)+0.05211155*LN(($A$20+273.15)/251.196)^2+0.05347906*LN(($A$20+273.15)/251.196)^3-0.01537102*LN(($A$20+273.15)/251.196)^4)*1000000 -> 15.287152 | K20: =0.001*(-2.8088692+0.053424539*($A$20+273.15)+0.000038923913*($A$20+273.15)^2)*1000 -> 17.156688 | L20: =((($A$20+273.15)*0.00000001*(565.620467/(($A$20+273.15)/100)^2-1202.929776/(($A$20+273.15)/100)^3+6054.858096/(($A$20+273.15)/100)^4))-(0.000001*(75.188632-565.620467/(($A$20+273.15)/100)+601.464888/(($A$20+273.15)/100)^2-2018.286032/(($A$20+273.15)/100)^3)))/(20.823075+0.059235957*($A$20+273.15)-0.00000051159127*($A$20+273.15)^2-0.000000048979736*($A$20+273.15)^3)*100000 -> 1.0258347
A21: 35 | B21: =22064000*EXP(647.096/($A$21+273.15)*(-7.85951783*(1-($A$21+273.15)/647.096)+1.84408259*(1-($A$21+273.15)/647.096)^1.5-11.7866497*(1-($A$21+273.15)/647.096)^3+22.6807411*(1-($A$21+273.15)/647.096)^3.5-15.9618719*(1-($A$21+273.15)/647.096)^4+1.80122502*(1-($A$21+273.15)/647.096)^7.5)) -> 5629.0574 | C21: =0.000001*(75.188632-565.620467/(($A$21+273.15)/100)+601.464888/(($A$21+273.15)/100)^2-2018.286032/(($A$21+273.15)/100)^3)*1000000 -> -113.99955 | D21: =0.000001*(-236.26407+204871.53/($A$21+273.15)-59999434/($A$21+273.15)^2)*1000000 -> -203.28338 | E21: =0.000001*(19202.081-20032490/($A$21+273.15)+7075968700/($A$21+273.15)^2-870743060000/($A$21+273.15)^3)*1000000 -> -1046.7315 | F21: =1+0.000001*(75.188632-565.620467/(($A$21+273.15)/100)+601.464888/(($A$21+273.15)/100)^2-2018.286032/(($A$21+273.15)/100)^3)*101325/(8.31446261815324*($A$21+273.15)) -> 0.99549159 | G21: =1+0.000001*(75.188632-565.620467/(($A$21+273.15)/100)+601.464888/(($A$21+273.15)/100)^2-2018.286032/(($A$21+273.15)/100)^3)*300000/(8.31446261815324*($A$21+273.15)) -> 0.98665164 | H21: =(20.823075+0.059235957*($A$21+273.15)-0.00000051159127*($A$21+273.15)^2-0.000000048979736*($A$21+273.15)^3-($A$21+273.15)*0.0000000001*(-1131.240934/(($A$21+273.15)/100)^3+3608.789328/(($A$21+273.15)/100)^4-24219.432384/(($A$21+273.15)/100)^5)*101325) -> 37.862779 | I21: =((20.823075+0.059235957*($A$21+273.15)-0.00000051159127*($A$21+273.15)^2-0.000000048979736*($A$21+273.15)^3-($A$21+273.15)*0.0000000001*(-1131.240934/(($A$21+273.15)/100)^3+3608.789328/(($A$21+273.15)/100)^4-24219.432384/(($A$21+273.15)/100)^5)*101325))/(((20.823075+0.059235957*($A$21+273.15)-0.00000051159127*($A$21+273.15)^2-0.000000048979736*($A$21+273.15)^3)-8.31446261815324-($A$21+273.15)*8.31446261815324*(2*0.00000001*(565.620467/(($A$21+273.15)/100)^2-1202.929776/(($A$21+273.15)/100)^3+6054.858096/(($A$21+273.15)/100)^4)+($A$21+273.15)*0.0000000001*(-1131.240934/(($A$21+273.15)/100)^3+3608.789328/(($A$21+273.15)/100)^4-24219.432384/(($A$21+273.15)/100)^5))*(101325/((1+0.000001*(75.188632-565.620467/(($A$21+273.15)/100)+601.464888/(($A$21+273.15)/100)^2-2018.286032/(($A$21+273.15)/100)^3)*101325/(8.31446261815324*($A$21+273.15)))*8.31446261815324*($A$21+273.15))))) -> 1.2889342 | J21: =0.00000100697*SQRT(($A$21+273.15))/EXP(0.235156-0.491266*LN(($A$21+273.15)/251.196)+0.05211155*LN(($A$21+273.15)/251.196)^2+0.05347906*LN(($A$21+273.15)/251.196)^3-0.01537102*LN(($A$21+273.15)/251.196)^4)*1000000 -> 15.407727 | K21: =0.001*(-2.8088692+0.053424539*($A$21+273.15)+0.000038923913*($A$21+273.15)^2)*1000 -> 17.349978 | L21: =((($A$21+273.15)*0.00000001*(565.620467/(($A$21+273.15)/100)^2-1202.929776/(($A$21+273.15)/100)^3+6054.858096/(($A$21+273.15)/100)^4))-(0.000001*(75.188632-565.620467/(($A$21+273.15)/100)+601.464888/(($A$21+273.15)/100)^2-2018.286032/(($A$21+273.15)/100)^3)))/(20.823075+0.059235957*($A$21+273.15)-0.00000051159127*($A$21+273.15)^2-0.000000048979736*($A$21+273.15)^3)*100000 -> 1.0049191
A22: 37.5 | B22: =22064000*EXP(647.096/($A$22+273.15)*(-7.85951783*(1-($A$22+273.15)/647.096)+1.84408259*(1-($A$22+273.15)/647.096)^1.5-11.7866497*(1-($A$22+273.15)/647.096)^3+22.6807411*(1-($A$22+273.15)/647.096)^3.5-15.9618719*(1-($A$22+273.15)/647.096)^4+1.80122502*(1-($A$22+273.15)/647.096)^7.5)) -> 6455.608 | C22: =0.000001*(75.188632-565.620467/(($A$22+273.15)/100)+601.464888/(($A$22+273.15)/100)^2-2018.286032/(($A$22+273.15)/100)^3)*1000000 -> -111.88586 | D22: =0.000001*(-236.26407+204871.53/($A$22+273.15)-59999434/($A$22+273.15)^2)*1000000 -> -198.50472 | E22: =0.000001*(19202.081-20032490/($A$22+273.15)+7075968700/($A$22+273.15)^2-870743060000/($A$22+273.15)^3)*1000000 -> -1005.4479 | F22: =1+0.000001*(75.188632-565.620467/(($A$22+273.15)/100)+601.464888/(($A$22+273.15)/100)^2-2018.286032/(($A$22+273.15)/100)^3)*101325/(8.31446261815324*($A$22+273.15)) -> 0.99561079 | G22: =1+0.000001*(75.188632-565.620467/(($A$22+273.15)/100)+601.464888/(($A$22+273.15)/100)^2-2018.286032/(($A$22+273.15)/100)^3)*300000/(8.31446261815324*($A$22+273.15)) -> 0.98700456 | H22: =(20.823075+0.059235957*($A$22+273.15)-0.00000051159127*($A$22+273.15)^2-0.000000048979736*($A$22+273.15)^3-($A$22+273.15)*0.0000000001*(-1131.240934/(($A$22+273.15)/100)^3+3608.789328/(($A$22+273.15)/100)^4-24219.432384/(($A$22+273.15)/100)^5)*101325) -> 37.967313 | I22: =((20.823075+0.059235957*($A$22+273.15)-0.00000051159127*($A$22+273.15)^2-0.000000048979736*($A$22+273.15)^3-($A$22+273.15)*0.0000000001*(-1131.240934/(($A$22+273.15)/100)^3+3608.789328/(($A$22+273.15)/100)^4-24219.432384/(($A$22+273.15)/100)^5)*101325))/(((20.823075+0.059235957*($A$22+273.15)-0.00000051159127*($A$22+273.15)^2-0.000000048979736*($A$22+273.15)^3)-8.31446261815324-($A$22+273.15)*8.31446261815324*(2*0.00000001*(565.620467/(($A$22+273.15)/100)^2-1202.929776/(($A$22+273.15)/100)^3+6054.858096/(($A$22+273.15)/100)^4)+($A$22+273.15)*0.0000000001*(-1131.240934/(($A$22+273.15)/100)^3+3608.789328/(($A$22+273.15)/100)^4-24219.432384/(($A$22+273.15)/100)^5))*(101325/((1+0.000001*(75.188632-565.620467/(($A$22+273.15)/100)+601.464888/(($A$22+273.15)/100)^2-2018.286032/(($A$22+273.15)/100)^3)*101325/(8.31446261815324*($A$22+273.15)))*8.31446261815324*($A$22+273.15))))) -> 1.2877244 | J22: =0.00000100697*SQRT(($A$22+273.15))/EXP(0.235156-0.491266*LN(($A$22+273.15)/251.196)+0.05211155*LN(($A$22+273.15)/251.196)^2+0.05347906*LN(($A$22+273.15)/251.196)^3-0.01537102*LN(($A$22+273.15)/251.196)^4)*1000000 -> 15.528103 | K22: =0.001*(-2.8088692+0.053424539*($A$22+273.15)+0.000038923913*($A$22+273.15)^2)*1000 -> 17.543755 | L22: =((($A$22+273.15)*0.00000001*(565.620467/(($A$22+273.15)/100)^2-1202.929776/(($A$22+273.15)/100)^3+6054.858096/(($A$22+273.15)/100)^4))-(0.000001*(75.188632-565.620467/(($A$22+273.15)/100)+601.464888/(($A$22+273.15)/100)^2-2018.286032/(($A$22+273.15)/100)^3)))/(20.823075+0.059235957*($A$22+273.15)-0.00000051159127*($A$22+273.15)^2-0.000000048979736*($A$22+273.15)^3)*100000 -> 0.98465053
A23: 40 | B23: =22064000*EXP(647.096/($A$23+273.15)*(-7.85951783*(1-($A$23+273.15)/647.096)+1.84408259*(1-($A$23+273.15)/647.096)^1.5-11.7866497*(1-($A$23+273.15)/647.096)^3+22.6807411*(1-($A$23+273.15)/647.096)^3.5-15.9618719*(1-($A$23+273.15)/647.096)^4+1.80122502*(1-($A$23+273.15)/647.096)^7.5)) -> 7385.1105 | C23: =0.000001*(75.188632-565.620467/(($A$23+273.15)/100)+601.464888/(($A$23+273.15)/100)^2-2018.286032/(($A$23+273.15)/100)^3)*1000000 -> -109.82386 | D23: =0.000001*(-236.26407+204871.53/($A$23+273.15)-59999434/($A$23+273.15)^2)*1000000 -> -193.88225 | E23: =0.000001*(19202.081-20032490/($A$23+273.15)+7075968700/($A$23+273.15)^2-870743060000/($A$23+273.15)^3)*1000000 -> -966.59896 | F23: =1+0.000001*(75.188632-565.620467/(($A$23+273.15)/100)+601.464888/(($A$23+273.15)/100)^2-2018.286032/(($A$23+273.15)/100)^3)*101325/(8.31446261815324*($A$23+273.15)) -> 0.99572608 | G23: =1+0.000001*(75.188632-565.620467/(($A$23+273.15)/100)+601.464888/(($A$23+273.15)/100)^2-2018.286032/(($A$23+273.15)/100)^3)*300000/(8.31446261815324*($A$23+273.15)) -> 0.9873459 | H23: =(20.823075+0.059235957*($A$23+273.15)-0.00000051159127*($A$23+273.15)^2-0.000000048979736*($A$23+273.15)^3-($A$23+273.15)*0.0000000001*(-1131.240934/(($A$23+273.15)/100)^3+3608.789328/(($A$23+273.15)/100)^4-24219.432384/(($A$23+273.15)/100)^5)*101325) -> 38.071564 | I23: =((20.823075+0.059235957*($A$23+273.15)-0.00000051159127*($A$23+273.15)^2-0.000000048979736*($A$23+273.15)^3-($A$23+273.15)*0.0000000001*(-1131.240934/(($A$23+273.15)/100)^3+3608.789328/(($A$23+273.15)/100)^4-24219.432384/(($A$23+273.15)/100)^5)*101325))/(((20.823075+0.059235957*($A$23+273.15)-0.00000051159127*($A$23+273.15)^2-0.000000048979736*($A$23+273.15)^3)-8.31446261815324-($A$23+273.15)*8.31446261815324*(2*0.00000001*(565.620467/(($A$23+273.15)/100)^2-1202.929776/(($A$23+273.15)/100)^3+6054.858096/(($A$23+273.15)/100)^4)+($A$23+273.15)*0.0000000001*(-1131.240934/(($A$23+273.15)/100)^3+3608.789328/(($A$23+273.15)/100)^4-24219.432384/(($A$23+273.15)/100)^5))*(101325/((1+0.000001*(75.188632-565.620467/(($A$23+273.15)/100)+601.464888/(($A$23+273.15)/100)^2-2018.286032/(($A$23+273.15)/100)^3)*101325/(8.31446261815324*($A$23+273.15)))*8.31446261815324*($A$23+273.15))))) -> 1.2865328 | J23: =0.00000100697*SQRT(($A$23+273.15))/EXP(0.235156-0.491266*LN(($A$23+273.15)/251.196)+0.05211155*LN(($A$23+273.15)/251.196)^2+0.05347906*LN(($A$23+273.15)/251.196)^3-0.01537102*LN(($A$23+273.15)/251.196)^4)*1000000 -> 15.648277 | K23: =0.001*(-2.8088692+0.053424539*($A$23+273.15)+0.000038923913*($A$23+273.15)^2)*1000 -> 17.738018 | L23: =((($A$23+273.15)*0.00000001*(565.620467/(($A$23+273.15)/100)^2-1202.929776/(($A$23+273.15)/100)^3+6054.858096/(($A$23+273.15)/100)^4))-(0.000001*(75.188632-565.620467/(($A$23+273.15)/100)+601.464888/(($A$23+273.15)/100)^2-2018.286032/(($A$23+273.15)/100)^3)))/(20.823075+0.059235957*($A$23+273.15)-0.00000051159127*($A$23+273.15)^2-0.000000048979736*($A$23+273.15)^3)*100000 -> 0.96500299
A24: 42.5 | B24: =22064000*EXP(647.096/($A$24+273.15)*(-7.85951783*(1-($A$24+273.15)/647.096)+1.84408259*(1-($A$24+273.15)/647.096)^1.5-11.7866497*(1-($A$24+273.15)/647.096)^3+22.6807411*(1-($A$24+273.15)/647.096)^3.5-15.9618719*(1-($A$24+273.15)/647.096)^4+1.80122502*(1-($A$24+273.15)/647.096)^7.5)) -> 8427.9615 | C24: =0.000001*(75.188632-565.620467/(($A$24+273.15)/100)+601.464888/(($A$24+273.15)/100)^2-2018.286032/(($A$24+273.15)/100)^3)*1000000 -> -107.8117 | D24: =0.000001*(-236.26407+204871.53/($A$24+273.15)-59999434/($A$24+273.15)^2)*1000000 -> -189.41037 | E24: =0.000001*(19202.081-20032490/($A$24+273.15)+7075968700/($A$24+273.15)^2-870743060000/($A$24+273.15)^3)*1000000 -> -929.9983 | F24: =1+0.000001*(75.188632-565.620467/(($A$24+273.15)/100)+601.464888/(($A$24+273.15)/100)^2-2018.286032/(($A$24+273.15)/100)^3)*101325/(8.31446261815324*($A$24+273.15)) -> 0.99583761 | G24: =1+0.000001*(75.188632-565.620467/(($A$24+273.15)/100)+601.464888/(($A$24+273.15)/100)^2-2018.286032/(($A$24+273.15)/100)^3)*300000/(8.31446261815324*($A$24+273.15)) -> 0.98767613 | H24: =(20.823075+0.059235957*($A$24+273.15)-0.00000051159127*($A$24+273.15)^2-0.000000048979736*($A$24+273.15)^3-($A$24+273.15)*0.0000000001*(-1131.240934/(($A$24+273.15)/100)^3+3608.789328/(($A$24+273.15)/100)^4-24219.432384/(($A$24+273.15)/100)^5)*101325) -> 38.175511 | I24: =((20.823075+0.059235957*($A$24+273.15)-0.00000051159127*($A$24+273.15)^2-0.000000048979736*($A$24+273.15)^3-($A$24+273.15)*0.0000000001*(-1131.240934/(($A$24+273.15)/100)^3+3608.789328/(($A$24+273.15)/100)^4-24219.432384/(($A$24+273.15)/100)^5)*101325))/(((20.823075+0.059235957*($A$24+273.15)-0.00000051159127*($A$24+273.15)^2-0.000000048979736*($A$24+273.15)^3)-8.31446261815324-($A$24+273.15)*8.31446261815324*(2*0.00000001*(565.620467/(($A$24+273.15)/100)^2-1202.929776/(($A$24+273.15)/100)^3+6054.858096/(($A$24+273.15)/100)^4)+($A$24+273.15)*0.0000000001*(-1131.240934/(($A$24+273.15)/100)^3+3608.789328/(($A$24+273.15)/100)^4-24219.432384/(($A$24+273.15)/100)^5))*(101325/((1+0.000001*(75.188632-565.620467/(($A$24+273.15)/100)+601.464888/(($A$24+273.15)/100)^2-2018.286032/(($A$24+273.15)/100)^3)*101325/(8.31446261815324*($A$24+273.15)))*8.31446261815324*($A$24+273.15))))) -> 1.2853591 | J24: =0.00000100697*SQRT(($A$24+273.15))/EXP(0.235156-0.491266*LN(($A$24+273.15)/251.196)+0.05211155*LN(($A$24+273.15)/251.196)^2+0.05347906*LN(($A$24+273.15)/251.196)^3-0.01537102*LN(($A$24+273.15)/251.196)^4)*1000000 -> 15.768249 | K24: =0.001*(-2.8088692+0.053424539*($A$24+273.15)+0.000038923913*($A$24+273.15)^2)*1000 -> 17.932768 | L24: =((($A$24+273.15)*0.00000001*(565.620467/(($A$24+273.15)/100)^2-1202.929776/(($A$24+273.15)/100)^3+6054.858096/(($A$24+273.15)/100)^4))-(0.000001*(75.188632-565.620467/(($A$24+273.15)/100)+601.464888/(($A$24+273.15)/100)^2-2018.286032/(($A$24+273.15)/100)^3)))/(20.823075+0.059235957*($A$24+273.15)-0.00000051159127*($A$24+273.15)^2-0.000000048979736*($A$24+273.15)^3)*100000 -> 0.94595159
A25: 45 | B25: =22064000*EXP(647.096/($A$25+273.15)*(-7.85951783*(1-($A$25+273.15)/647.096)+1.84408259*(1-($A$25+273.15)/647.096)^1.5-11.7866497*(1-($A$25+273.15)/647.096)^3+22.6807411*(1-($A$25+273.15)/647.096)^3.5-15.9618719*(1-($A$25+273.15)/647.096)^4+1.80122502*(1-($A$25+273.15)/647.096)^7.5)) -> 9595.3378 | C25: =0.000001*(75.188632-565.620467/(($A$25+273.15)/100)+601.464888/(($A$25+273.15)/100)^2-2018.286032/(($A$25+273.15)/100)^3)*1000000 -> -105.84762 | D25: =0.000001*(-236.26407+204871.53/($A$25+273.15)-59999434/($A$25+273.15)^2)*1000000 -> -185.08374 | E25: =0.000001*(19202.081-20032490/($A$25+273.15)+7075968700/($A$25+273.15)^2-870743060000/($A$25+273.15)^3)*1000000 -> -895.4722 | F25: =1+0.000001*(75.188632-565.620467/(($A$25+273.15)/100)+601.464888/(($A$25+273.15)/100)^2-2018.286032/(($A$25+273.15)/100)^3)*101325/(8.31446261815324*($A$25+273.15)) -> 0.99594555 | G25: =1+0.000001*(75.188632-565.620467/(($A$25+273.15)/100)+601.464888/(($A$25+273.15)/100)^2-2018.286032/(($A$25+273.15)/100)^3)*300000/(8.31446261815324*($A$25+273.15)) -> 0.98799572 | H25: =(20.823075+0.059235957*($A$25+273.15)-0.00000051159127*($A$25+273.15)^2-0.000000048979736*($A$25+273.15)^3-($A$25+273.15)*0.0000000001*(-1131.240934/(($A$25+273.15)/100)^3+3608.789328/(($A$25+273.15)/100)^4-24219.432384/(($A$25+273.15)/100)^5)*101325) -> 38.279139 | I25: =((20.823075+0.059235957*($A$25+273.15)-0.00000051159127*($A$25+273.15)^2-0.000000048979736*($A$25+273.15)^3-($A$25+273.15)*0.0000000001*(-1131.240934/(($A$25+273.15)/100)^3+3608.789328/(($A$25+273.15)/100)^4-24219.432384/(($A$25+273.15)/100)^5)*101325))/(((20.823075+0.059235957*($A$25+273.15)-0.00000051159127*($A$25+273.15)^2-0.000000048979736*($A$25+273.15)^3)-8.31446261815324-($A$25+273.15)*8.31446261815324*(2*0.00000001*(565.620467/(($A$25+273.15)/100)^2-1202.929776/(($A$25+273.15)/100)^3+6054.858096/(($A$25+273.15)/100)^4)+($A$25+273.15)*0.0000000001*(-1131.240934/(($A$25+273.15)/100)^3+3608.789328/(($A$25+273.15)/100)^4-24219.432384/(($A$25+273.15)/100)^5))*(101325/((1+0.000001*(75.188632-565.620467/(($A$25+273.15)/100)+601.464888/(($A$25+273.15)/100)^2-2018.286032/(($A$25+273.15)/100)^3)*101325/(8.31446261815324*($A$25+273.15)))*8.31446261815324*($A$25+273.15))))) -> 1.2842029 | J25: =0.00000100697*SQRT(($A$25+273.15))/EXP(0.235156-0.491266*LN(($A$25+273.15)/251.196)+0.05211155*LN(($A$25+273.15)/251.196)^2+0.05347906*LN(($A$25+273.15)/251.196)^3-0.01537102*LN(($A$25+273.15)/251.196)^4)*1000000 -> 15.888016 | K25: =0.001*(-2.8088692+0.053424539*($A$25+273.15)+0.000038923913*($A$25+273.15)^2)*1000 -> 18.128004 | L25: =((($A$25+273.15)*0.00000001*(565.620467/(($A$25+273.15)/100)^2-1202.929776/(($A$25+273.15)/100)^3+6054.858096/(($A$25+273.15)/100)^4))-(0.000001*(75.188632-565.620467/(($A$25+273.15)/100)+601.464888/(($A$25+273.15)/100)^2-2018.286032/(($A$25+273.15)/100)^3)))/(20.823075+0.059235957*($A$25+273.15)-0.00000051159127*($A$25+273.15)^2-0.000000048979736*($A$25+273.15)^3)*100000 -> 0.92747267
A26: 出典
A27: B | B27: Wagner & Pruß (IAPWS-95) 蒸気圧式
A28: C | B28: Span & Wagner (1996) 零密度極限へのフィット
A29: D | B29: Meyer & Harvey (2015) / Wheatley & Harvey (2011,2016)
A30: E | B30: IAPWS-95 零密度極限へのフィット
A31: F | B31: Z = 1 + B·p/(R·T)（打切りビリアル）
A32: G | B32: 同上。400 kPa まで Span–Wagner に対し 0.04 % 以内
A33: H | B33: cp = cp0 − T·B''·p
A34: I | B34: γ = cp/cv（圧力依存。1 bar→4 bar で 1.4 % 増）
A35: J | B35: Fenghour et al. (1998)
A36: K | B36: Huber et al. (2016)、u = 1 % (k=2)
A37: L | B37: μ_JT = (T·dB/dT − B)/cp0

Sheet 03_湿度状態点
A1: 湿度状態点の連鎖 / Humid-gas state points along the process chain
A3: JT膨張による温度降下 ΔT_JT | B3: =0.5*((((D9*0.00000001*(565.620467/(D9/100)^2-1202.929776/(D9/100)^3+6054.858096/(D9/100)^4))-(0.000001*(75.188632-565.620467/(D9/100)+601.464888/(D9/100)^2-2018.286032/(D9/100)^3)))/(20.823075+0.059235957*D9-0.00000051159127*D9^2-0.000000048979736*D9^3))+((((D9+$B$4)*0.00000001*(565.620467/((D9+$B$4)/100)^2-1202.929776/((D9+$B$4)/100)^3+6054.858096/((D9+$B$4)/100)^4))-(0.000001*(75.188632-565.620467/((D9+$B$4)/100)+601.464888/((D9+$B$4)/100)^2-2018.286032/((D9+$B$4)/100)^3)))/(20.823075+0.059235957*(D9+$B$4)-0.00000051159127*(D9+$B$4)^2-0.000000048979736*(D9+$B$4)^3)))*(E11-D11) -> -1.8239893 | C3: K | D3: μ_JT(CO2, 20 °C) ≈ 1.14 K/bar は空気の約5倍。零密度極限 (T·dB/dT − B)/cp0。両端点の平均を使用
A4: （1次近似: 入口側 μ_JT のみ） | B4: =((D9*0.00000001*(565.620467/(D9/100)^2-1202.929776/(D9/100)^3+6054.858096/(D9/100)^4))-(0.000001*(75.188632-565.620467/(D9/100)+601.464888/(D9/100)^2-2018.286032/(D9/100)^3)))/(20.823075+0.059235957*D9-0.00000051159127*D9^2-0.000000048979736*D9^3)*(E11-D11) -> -1.8103461 | C4: K
A6: 量 / quantity | B6: 単位 | C6: S1 飽和器出口 | D6: S2 ノズル上流 | E6: S3 ノズル下流 | F6: S4 出力段 | G6: 目標値 | H6: 備考 / note
A7: 説明 | C7: 飽和器を出た加湿CO2 | D7: トレース加熱された一次側 | E7: 臨界ノズル直下流 | F7: 恒温化された出力段 | G7: 要求仕様
A8: 温度 T | B8: °C | C8: =01_入力!$B$14 -> 30.655 | D8: =01_入力!$B$15 -> 34 | E8: =D8+$B$3 -> 32.176011 | F8: =01_入力!$B$7 -> 20 | G8: =01_入力!$B$7 -> 20 | H8: S3 = S2 から等エンタルピ膨張しただけの温度
A9: 温度 T | B9: K | C9: =C8+273.15 -> 303.805 | D9: =D8+273.15 -> 307.15 | E9: =E8+273.15 -> 305.32601 | F9: =F8+273.15 -> 293.15 | G9: =G8+273.15 -> 293.15
A10: 絶対圧 p | B10: kPa | C10: =01_入力!$B$12 -> 300 | D10: =01_入力!$B$12 -> 300 | E10: =01_入力!$B$9 -> 121.325 | F10: =01_入力!$B$9 -> 121.325 | G10: =01_入力!$B$9 -> 121.325
A11: 絶対圧 p | B11: Pa | C11: =C10*1000 -> 300000 | D11: =D10*1000 -> 300000 | E11: =E10*1000 -> 121325 | F11: =F10*1000 -> 121325 | G11: =G10*1000 -> 121325
A12: 飽和水蒸気圧 p_sat(T) | B12: Pa | C12: =22064000*EXP(647.096/C9*(-7.85951783*(1-C9/647.096)+1.84408259*(1-C9/647.096)^1.5-11.7866497*(1-C9/647.096)^3+22.6807411*(1-C9/647.096)^3.5-15.9618719*(1-C9/647.096)^4+1.80122502*(1-C9/647.096)^7.5)) -> 4409.247 | D12: =22064000*EXP(647.096/D9*(-7.85951783*(1-D9/647.096)+1.84408259*(1-D9/647.096)^1.5-11.7866497*(1-D9/647.096)^3+22.6807411*(1-D9/647.096)^3.5-15.9618719*(1-D9/647.096)^4+1.80122502*(1-D9/647.096)^7.5)) -> 5325.0776 | E12: =22064000*EXP(647.096/E9*(-7.85951783*(1-E9/647.096)+1.84408259*(1-E9/647.096)^1.5-11.7866497*(1-E9/647.096)^3+22.6807411*(1-E9/647.096)^3.5-15.9618719*(1-E9/647.096)^4+1.80122502*(1-E9/647.096)^7.5)) -> 4807.1388 | F12: =22064000*EXP(647.096/F9*(-7.85951783*(1-F9/647.096)+1.84408259*(1-F9/647.096)^1.5-11.7866497*(1-F9/647.096)^3+22.6807411*(1-F9/647.096)^3.5-15.9618719*(1-F9/647.096)^4+1.80122502*(1-F9/647.096)^7.5)) -> 2339.1937 | G12: =22064000*EXP(647.096/G9*(-7.85951783*(1-G9/647.096)+1.84408259*(1-G9/647.096)^1.5-11.7866497*(1-G9/647.096)^3+22.6807411*(1-G9/647.096)^3.5-15.9618719*(1-G9/647.096)^4+1.80122502*(1-G9/647.096)^7.5)) -> 2339.1937 | H12: Wagner & Pruß (IAPWS-95) 蒸気圧式。IAPWS-95 に対し 70 ppm 以内
A13: B_ww 水蒸気 第2ビリアル | B13: m³/mol | C13: =0.000001*(19202.081-20032490/C9+7075968700/C9^2-870743060000/C9^3) -> -0.001124875 | D13: =0.000001*(19202.081-20032490/D9+7075968700/D9^2-870743060000/D9^3) -> -0.0010639708 | E13: =0.000001*(19202.081-20032490/E9+7075968700/E9^2-870743060000/E9^3) -> -0.0010965447 | F13: =0.000001*(19202.081-20032490/F9+7075968700/F9^2-870743060000/F9^3) -> -0.0013578178 | G13: =0.000001*(19202.081-20032490/G9+7075968700/G9^2-870743060000/G9^3) -> -0.0013578178 | H13: IAPWS-95 零密度極限へのフィット
A14: B_CO2 CO2 第2ビリアル | B14: m³/mol | C14: =0.000001*(75.188632-565.620467/(C9/100)+601.464888/(C9/100)^2-2018.286032/(C9/100)^3) -> -0.00011780195 | D14: =0.000001*(75.188632-565.620467/(D9/100)+601.464888/(D9/100)^2-2018.286032/(D9/100)^3) -> -0.00011485993 | E14: =0.000001*(75.188632-565.620467/(E9/100)+601.464888/(E9/100)^2-2018.286032/(E9/100)^3) -> -0.00011645178 | F14: =0.000001*(75.188632-565.620467/(F9/100)+601.464888/(F9/100)^2-2018.286032/(F9/100)^3) -> -0.00012788286 | G14: =0.000001*(75.188632-565.620467/(G9/100)+601.464888/(G9/100)^2-2018.286032/(G9/100)^3) -> -0.00012788286 | H14: Span & Wagner (1996) へのフィット。20 °C で −127.9 cm³/mol
A15: B12 CO2–H2O 交差ビリアル | B15: m³/mol | C15: =0.000001*(-236.26407+204871.53/C9-59999434/C9^2)+01_入力!$B$38/1000000 -> -0.0002119778 | D15: =0.000001*(-236.26407+204871.53/D9-59999434/D9^2)+01_入力!$B$38/1000000 -> -0.00020523988 | E15: =0.000001*(-236.26407+204871.53/E9-59999434/E9^2)+01_入力!$B$38/1000000 -> -0.00020887655 | F15: =0.000001*(-236.26407+204871.53/F9-59999434/F9^2)+01_入力!$B$38/1000000 -> -0.00023558153 | G15: =0.000001*(-236.26407+204871.53/G9-59999434/G9^2)+01_入力!$B$38/1000000 -> -0.00023558153 | H15: ★温度依存。20 °C で −235.5、30 °C で −213.4 cm³/mol。空気–水 (−32) の約7倍で、f を支配する
A16: v_wL 液体水モル体積 | B16: m³/mol | C16: =0.018015268/((999.83952+16.945176*(C9-273.15)-0.0079870401*(C9-273.15)^2-0.000046170461*(C9-273.15)^3+0.00000010556302*(C9-273.15)^4-0.00000000028054253*(C9-273.15)^5)/(1+0.01687985*(C9-273.15))) -> 1.8097655e-05 | D16: =0.018015268/((999.83952+16.945176*(D9-273.15)-0.0079870401*(D9-273.15)^2-0.000046170461*(D9-273.15)^3+0.00000010556302*(D9-273.15)^4-0.00000000028054253*(D9-273.15)^5)/(1+0.01687985*(D9-273.15))) -> 1.8117241e-05 | E16: =0.018015268/((999.83952+16.945176*(E9-273.15)-0.0079870401*(E9-273.15)^2-0.000046170461*(E9-273.15)^3+0.00000010556302*(E9-273.15)^4-0.00000000028054253*(E9-273.15)^5)/(1+0.01687985*(E9-273.15))) -> 1.8106344e-05 | F16: =0.018015268/((999.83952+16.945176*(F9-273.15)-0.0079870401*(F9-273.15)^2-0.000046170461*(F9-273.15)^3+0.00000010556302*(F9-273.15)^4-0.00000000028054253*(F9-273.15)^5)/(1+0.01687985*(F9-273.15))) -> 1.8047679e-05 | G16: =0.018015268/((999.83952+16.945176*(G9-273.15)-0.0079870401*(G9-273.15)^2-0.000046170461*(G9-273.15)^3+0.00000010556302*(G9-273.15)^4-0.00000000028054253*(G9-273.15)^5)/(1+0.01687985*(G9-273.15))) -> 1.8047679e-05 | H16: Kell (1975) 密度式
A17: k_H CO2 ヘンリー定数 | B17: Pa | C17: =(22064000*EXP(647.096/C9*(-7.85951783*(1-C9/647.096)+1.84408259*(1-C9/647.096)^1.5-11.7866497*(1-C9/647.096)^3+22.6807411*(1-C9/647.096)^3.5-15.9618719*(1-C9/647.096)^4+1.80122502*(1-C9/647.096)^7.5)))*EXP(-8.55445/(C9/647.096)+4.01195*(1-(C9/647.096))^0.355/(C9/647.096)+9.52345*(C9/647.096)^-0.41*EXP(1-(C9/647.096))) -> 1.9050778e+08 | D17: =(22064000*EXP(647.096/D9*(-7.85951783*(1-D9/647.096)+1.84408259*(1-D9/647.096)^1.5-11.7866497*(1-D9/647.096)^3+22.6807411*(1-D9/647.096)^3.5-15.9618719*(1-D9/647.096)^4+1.80122502*(1-D9/647.096)^7.5)))*EXP(-8.55445/(D9/647.096)+4.01195*(1-(D9/647.096))^0.355/(D9/647.096)+9.52345*(D9/647.096)^-0.41*EXP(1-(D9/647.096))) -> 2.0581237e+08 | E17: =(22064000*EXP(647.096/E9*(-7.85951783*(1-E9/647.096)+1.84408259*(1-E9/647.096)^1.5-11.7866497*(1-E9/647.096)^3+22.6807411*(1-E9/647.096)^3.5-15.9618719*(1-E9/647.096)^4+1.80122502*(1-E9/647.096)^7.5)))*EXP(-8.55445/(E9/647.096)+4.01195*(1-(E9/647.096))^0.355/(E9/647.096)+9.52345*(E9/647.096)^-0.41*EXP(1-(E9/647.096))) -> 1.9741672e+08 | F17: =(22064000*EXP(647.096/F9*(-7.85951783*(1-F9/647.096)+1.84408259*(1-F9/647.096)^1.5-11.7866497*(1-F9/647.096)^3+22.6807411*(1-F9/647.096)^3.5-15.9618719*(1-F9/647.096)^4+1.80122502*(1-F9/647.096)^7.5)))*EXP(-8.55445/(F9/647.096)+4.01195*(1-(F9/647.096))^0.355/(F9/647.096)+9.52345*(F9/647.096)^-0.41*EXP(1-(F9/647.096))) -> 1.4488859e+08 | G17: =(22064000*EXP(647.096/G9*(-7.85951783*(1-G9/647.096)+1.84408259*(1-G9/647.096)^1.5-11.7866497*(1-G9/647.096)^3+22.6807411*(1-G9/647.096)^3.5-15.9618719*(1-G9/647.096)^4+1.80122502*(1-G9/647.096)^7.5)))*EXP(-8.55445/(G9/647.096)+4.01195*(1-(G9/647.096))^0.355/(G9/647.096)+9.52345*(G9/647.096)^-0.41*EXP(1-(G9/647.096))) -> 1.4488859e+08 | H17: IAPWS G7-04。20 °C で 145 MPa
A18: ln a_w 水の活量（CO2溶解） | B18: - | C18: =LN(1-(C11-C12)/C17) -> -0.0015527991 | D18: =LN(1-(D11-D12)/D17) -> -0.0014327908 | E18: =LN(1-(E11-E12)/E17) -> -0.00059038698 | F18: =LN(1-(F11-F12)/F17) -> -0.00082156013 | G18: =LN(1-(G11-G12)/G17) -> -0.00082156013 | H18: 溶存CO2が a_w を下げ f を下げる（121 kPa で −0.07 %）。空気なら無視可
A19: ln φ_sat | B19: - | C19: =C13*C12/(8.31446261815324*C9) -> -0.0019635393 | D19: =D13*D12/(8.31446261815324*D9) -> -0.0022185589 | E19: =E13*E12/(8.31446261815324*E9) -> -0.0020764191 | F19: =F13*F12/(8.31446261815324*F9) -> -0.0013031176 | G19: =G13*G12/(8.31446261815324*G9) -> -0.0013031176
A20: Poynting 項 | B20: - | C20: =C16*(C11-C12)/(8.31446261815324*C9) -> 0.0021177956 | D20: =D16*(D11-D12)/(8.31446261815324*D9) -> 0.0020905017 | E20: =E16*(E11-E12)/(8.31446261815324*E9) -> 0.00083104643 | F20: =F16*(F11-F12)/(8.31446261815324*F9) -> 0.00088103353 | G20: =G16*(G11-G12)/(8.31446261815324*G9) -> 0.00088103353 | H20: 液相が全圧で圧縮される効果
A21: x_v,sat 反復 初期値 | B21: - | C21: =C12/C11 -> 0.01469749 | D21: =D12/D11 -> 0.017750259 | E21: =E12/E11 -> 0.039621997 | F21: =F12/F11 -> 0.019280393 | G21: =G12/G11 -> 0.019280393 | H21: 以下は f の不動点反復（3回で 1e−9 に収束）
A22: 反復1: B_mix | B22: m³/mol | C22: =C21^2*C13+2*C21*(1-C21)*C15+(1-C21)^2*C14 -> -0.0001207471 | D22: =D21^2*D13+2*D21*(1-D21)*D15+(1-D21)^2*D14 -> -0.00011831055 | E22: =E21^2*E13+2*E21*(1-E21)*E15+(1-E21)^2*E14 -> -0.00012502435 | F22: =F21^2*F13+2*F21*(1-F21)*F15+(1-F21)^2*F14 -> -0.00013241294 | G22: =G21^2*G13+2*G21*(1-G21)*G15+(1-G21)^2*G14 -> -0.00013241294
A23: 反復1: ln φ_w | B23: - | C23: =(2*(C21*C13+(1-C21)*C15)-C22)*C11/(8.31446261815324*C9) -> -0.039197901 | D23: =(2*(D21*D13+(1-D21)*D15)-D22)*D11/(8.31446261815324*D9) -> -0.037903073 | E23: =(2*(E21*E13+(1-E21)*E15)-E22)*E11/(8.31446261815324*E9) -> -0.01735178 | F23: =(2*(F21*F13+(1-F21)*F15)-F22)*F11/(8.31446261815324*F9) -> -0.019015921 | G23: =(2*(G21*G13+(1-G21)*G15)-G22)*G11/(8.31446261815324*G9) -> -0.019015921
A24: 反復1: ln f | B24: - | C24: =C19-C23+C20+C18 -> 0.037799358 | D24: =D19-D23+D20+D18 -> 0.036342225 | E24: =E19-E23+E20+E18 -> 0.01551602 | F24: =F19-F23+F20+F18 -> 0.017772277 | G24: =G19-G23+G20+G18 -> 0.017772277
A25: 反復1: x_v,sat | B25: - | C25: =EXP(C24)*C12/C11 -> 0.015263679 | D25: =EXP(D24)*D12/D11 -> 0.018407208 | E25: =EXP(E24)*E12/E11 -> 0.040241567 | F25: =EXP(F24)*F12/F11 -> 0.019626113 | G25: =EXP(G24)*G12/G11 -> 0.019626113
A26: 反復2: B_mix | B26: m³/mol | C26: =C25^2*C13+2*C25*(1-C25)*C15+(1-C25)^2*C14 -> -0.00012086763 | D26: =D25^2*D13+2*D25*(1-D25)*D15+(1-D25)^2*D14 -> -0.00011844755 | E26: =E25^2*E13+2*E25*(1-E25)*E15+(1-E25)^2*E14 -> -0.00012517822 | F26: =F25^2*F13+2*F25*(1-F25)*F15+(1-F25)^2*F14 -> -0.00013250105 | G26: =G25^2*G13+2*G25*(1-G25)*G15+(1-G25)^2*G14 -> -0.00013250105
A27: 反復2: ln φ_w | B27: - | C27: =(2*(C25*C13+(1-C25)*C15)-C26)*C11/(8.31446261815324*C9) -> -0.039306359 | D27: =(2*(D25*D13+(1-D25)*D15)-D26)*D11/(8.31446261815324*D9) -> -0.038019522 | E27: =(2*(E25*E13+(1-E25)*E15)-E26)*E11/(8.31446261815324*E9) -> -0.017396994 | F27: =(2*(F25*F13+(1-F25)*F15)-F26)*F11/(8.31446261815324*F9) -> -0.01905016 | G27: =(2*(G25*G13+(1-G25)*G15)-G26)*G11/(8.31446261815324*G9) -> -0.01905016
A28: 反復2: ln f | B28: - | C28: =C19-C27+C20+C18 -> 0.037907817 | D28: =D19-D27+D20+D18 -> 0.036458674 | E28: =E19-E27+E20+E18 -> 0.015561235 | F28: =F19-F27+F20+F18 -> 0.017806516 | G28: =G19-G27+G20+G18 -> 0.017806516
A29: 反復2: x_v,sat | B29: - | C29: =EXP(C28)*C12/C11 -> 0.015265335 | D29: =EXP(D28)*D12/D11 -> 0.018409351 | E29: =EXP(E28)*E12/E11 -> 0.040243386 | F29: =EXP(F28)*F12/F11 -> 0.019626785 | G29: =EXP(G28)*G12/G11 -> 0.019626785
A30: 反復3: B_mix | B30: m³/mol | C30: =C29^2*C13+2*C29*(1-C29)*C15+(1-C29)^2*C14 -> -0.00012086799 | D30: =D29^2*D13+2*D29*(1-D29)*D15+(1-D29)^2*D14 -> -0.000118448 | E30: =E29^2*E13+2*E29*(1-E29)*E15+(1-E29)^2*E14 -> -0.00012517867 | F30: =F29^2*F13+2*F29*(1-F29)*F15+(1-F29)^2*F14 -> -0.00013250122 | G30: =G29^2*G13+2*G29*(1-G29)*G15+(1-G29)^2*G14 -> -0.00013250122
A31: 反復3: ln φ_w | B31: - | C31: =(2*(C29*C13+(1-C29)*C15)-C30)*C11/(8.31446261815324*C9) -> -0.039306676 | D31: =(2*(D29*D13+(1-D29)*D15)-D30)*D11/(8.31446261815324*D9) -> -0.038019902 | E31: =(2*(E29*E13+(1-E29)*E15)-E30)*E11/(8.31446261815324*E9) -> -0.017397127 | F31: =(2*(F29*F13+(1-F29)*F15)-F30)*F11/(8.31446261815324*F9) -> -0.019050226 | G31: =(2*(G29*G13+(1-G29)*G15)-G30)*G11/(8.31446261815324*G9) -> -0.019050226
A32: 反復3: ln f | B32: - | C32: =C19-C31+C20+C18 -> 0.037908134 | D32: =D19-D31+D20+D18 -> 0.036459054 | E32: =E19-E31+E20+E18 -> 0.015561367 | F32: =F19-F31+F20+F18 -> 0.017806582 | G32: =G19-G31+G20+G18 -> 0.017806582
A33: エンハンスメント係数 f | B33: - | C33: =IF(01_入力!$B$39=1,EXP(C32),1) -> 1.0386358 | D33: =IF(01_入力!$B$39=1,EXP(D32),1) -> 1.0371318 | E33: =IF(01_入力!$B$39=1,EXP(E32),1) -> 1.0156831 | F33: =IF(01_入力!$B$39=1,EXP(F32),1) -> 1.0179661 | G33: =IF(01_入力!$B$39=1,EXP(G32),1) -> 1.0179661 | H33: ★x_v,sat = f·p_sat/p。CO2 では 1.018（空気は 1.005）。空気用 Greenspan 式は CO2 に使えない
A34: ── 組成 / composition ──
A35: 相対湿度 RH = p_v/(f·p_sat) | B35: - | C35: =01_入力!$B$13 -> 0.9 | D35: =D36*D11/(D33*D12) -> 0.74629464 | E35: =E36*E11/(E33*E12) -> 0.34139284 | F35: =F36*F11/(F33*F12) -> 0.70000281 | G35: =01_入力!$B$8 -> 0.7 | H35: WMO/モル分率定義（Lovell-Smith et al., Metrologia 53, R40, 2016）
A36: 水蒸気モル分率 x_v | B36: - | C36: =C35*C33*C12/C11 -> 0.013738806 | D36: =$C$36 -> 0.013738806 | E36: =$C$36 -> 0.013738806 | F36: =$C$36 -> 0.013738806 | G36: =G35*G33*G12/G11 -> 0.01373875 | H36: ★S1→S4 で保存される量（凝縮も加水もない限り）
A37: 水蒸気分圧 p_v | B37: Pa | C37: =C36*C11 -> 4121.6417 | D37: =D36*D11 -> 4121.6417 | E37: =E36*E11 -> 1666.8606 | F37: =F36*F11 -> 1666.8606 | G37: =G36*G11 -> 1666.8539
A38: ── 露点 / dew point ── | B38: Pa | C38: =C37/C33 -> 3968.3223 | D38: =D37/D33 -> 3974.0769 | E38: =E37/E33 -> 1641.1227 | F38: =F37/F33 -> 1637.4422 | G38: =G37/G33 -> 1637.4356 | H38: f は状態点の T で評価。露点での f との差は 0.02 K 未満
A39: 露点 初期値（Hardy 逆式） | B39: K | C39: =(207.98233-20.156028*LN(C38)+0.46778925*LN(C38)^2-0.0000092288067*LN(C38)^3)/(1-0.13319669*LN(C38)+0.0056577518*LN(C38)^2-0.000075172865*LN(C38)^3) -> 301.97278 | D39: =(207.98233-20.156028*LN(D38)+0.46778925*LN(D38)^2-0.0000092288067*LN(D38)^3)/(1-0.13319669*LN(D38)+0.0056577518*LN(D38)^2-0.000075172865*LN(D38)^3) -> 301.9978 | E39: =(207.98233-20.156028*LN(E38)+0.46778925*LN(E38)^2-0.0000092288067*LN(E38)^3)/(1-0.13319669*LN(E38)+0.0056577518*LN(E38)^2-0.000075172865*LN(E38)^3) -> 287.55201 | F39: =(207.98233-20.156028*LN(F38)+0.46778925*LN(F38)^2-0.0000092288067*LN(F38)^3)/(1-0.13319669*LN(F38)+0.0056577518*LN(F38)^2-0.000075172865*LN(F38)^3) -> 287.51732 | G39: =(207.98233-20.156028*LN(G38)+0.46778925*LN(G38)^2-0.0000092288067*LN(G38)^3)/(1-0.13319669*LN(G38)+0.0056577518*LN(G38)^2-0.000075172865*LN(G38)^3) -> 287.51726 | H39: Hardy (1998) の有理式。単独で 1e−4 K 精度
A40: p_sat(初期値) | B40: Pa | C40: =22064000*EXP(647.096/C39*(-7.85951783*(1-C39/647.096)+1.84408259*(1-C39/647.096)^1.5-11.7866497*(1-C39/647.096)^3+22.6807411*(1-C39/647.096)^3.5-15.9618719*(1-C39/647.096)^4+1.80122502*(1-C39/647.096)^7.5)) -> 3968.201 | D40: =22064000*EXP(647.096/D39*(-7.85951783*(1-D39/647.096)+1.84408259*(1-D39/647.096)^1.5-11.7866497*(1-D39/647.096)^3+22.6807411*(1-D39/647.096)^3.5-15.9618719*(1-D39/647.096)^4+1.80122502*(1-D39/647.096)^7.5)) -> 3973.9555 | E40: =22064000*EXP(647.096/E39*(-7.85951783*(1-E39/647.096)+1.84408259*(1-E39/647.096)^1.5-11.7866497*(1-E39/647.096)^3+22.6807411*(1-E39/647.096)^3.5-15.9618719*(1-E39/647.096)^4+1.80122502*(1-E39/647.096)^7.5)) -> 1641.081 | F40: =22064000*EXP(647.096/F39*(-7.85951783*(1-F39/647.096)+1.84408259*(1-F39/647.096)^1.5-11.7866497*(1-F39/647.096)^3+22.6807411*(1-F39/647.096)^3.5-15.9618719*(1-F39/647.096)^4+1.80122502*(1-F39/647.096)^7.5)) -> 1637.4006 | G40: =22064000*EXP(647.096/G39*(-7.85951783*(1-G39/647.096)+1.84408259*(1-G39/647.096)^1.5-11.7866497*(1-G39/647.096)^3+22.6807411*(1-G39/647.096)^3.5-15.9618719*(1-G39/647.096)^4+1.80122502*(1-G39/647.096)^7.5)) -> 1637.394
A41: Newton 1回目 | B41: K | C41: =C39-(C40-C38)*461.5228*C39^2/((C40)*1000*(2500.93-2.3666*(C39-273.15)-0.0016*(C39-273.15)^2)) -> 301.97331 | D41: =D39-(D40-D38)*461.5228*D39^2/((D40)*1000*(2500.93-2.3666*(D39-273.15)-0.0016*(D39-273.15)^2)) -> 301.99833 | E41: =E39-(E40-E38)*461.5228*E39^2/((E40)*1000*(2500.93-2.3666*(E39-273.15)-0.0016*(E39-273.15)^2)) -> 287.55241 | F41: =F39-(F40-F38)*461.5228*F39^2/((F40)*1000*(2500.93-2.3666*(F39-273.15)-0.0016*(F39-273.15)^2)) -> 287.51771 | G41: =G39-(G40-G38)*461.5228*G39^2/((G40)*1000*(2500.93-2.3666*(G39-273.15)-0.0016*(G39-273.15)^2)) -> 287.51765
A42: p_sat(1回目) | B42: Pa | C42: =22064000*EXP(647.096/C41*(-7.85951783*(1-C41/647.096)+1.84408259*(1-C41/647.096)^1.5-11.7866497*(1-C41/647.096)^3+22.6807411*(1-C41/647.096)^3.5-15.9618719*(1-C41/647.096)^4+1.80122502*(1-C41/647.096)^7.5)) -> 3968.3226 | D42: =22064000*EXP(647.096/D41*(-7.85951783*(1-D41/647.096)+1.84408259*(1-D41/647.096)^1.5-11.7866497*(1-D41/647.096)^3+22.6807411*(1-D41/647.096)^3.5-15.9618719*(1-D41/647.096)^4+1.80122502*(1-D41/647.096)^7.5)) -> 3974.0772 | E42: =22064000*EXP(647.096/E41*(-7.85951783*(1-E41/647.096)+1.84408259*(1-E41/647.096)^1.5-11.7866497*(1-E41/647.096)^3+22.6807411*(1-E41/647.096)^3.5-15.9618719*(1-E41/647.096)^4+1.80122502*(1-E41/647.096)^7.5)) -> 1641.1228 | F42: =22064000*EXP(647.096/F41*(-7.85951783*(1-F41/647.096)+1.84408259*(1-F41/647.096)^1.5-11.7866497*(1-F41/647.096)^3+22.6807411*(1-F41/647.096)^3.5-15.9618719*(1-F41/647.096)^4+1.80122502*(1-F41/647.096)^7.5)) -> 1637.4422 | G42: =22064000*EXP(647.096/G41*(-7.85951783*(1-G41/647.096)+1.84408259*(1-G41/647.096)^1.5-11.7866497*(1-G41/647.096)^3+22.6807411*(1-G41/647.096)^3.5-15.9618719*(1-G41/647.096)^4+1.80122502*(1-G41/647.096)^7.5)) -> 1637.4357
A43: Newton 2回目 | B43: K | C43: =C41-(C42-C38)*461.5228*C41^2/((C42)*1000*(2500.93-2.3666*(C41-273.15)-0.0016*(C41-273.15)^2)) -> 301.97331 | D43: =D41-(D42-D38)*461.5228*D41^2/((D42)*1000*(2500.93-2.3666*(D41-273.15)-0.0016*(D41-273.15)^2)) -> 301.99833 | E43: =E41-(E42-E38)*461.5228*E41^2/((E42)*1000*(2500.93-2.3666*(E41-273.15)-0.0016*(E41-273.15)^2)) -> 287.5524 | F43: =F41-(F42-F38)*461.5228*F41^2/((F42)*1000*(2500.93-2.3666*(F41-273.15)-0.0016*(F41-273.15)^2)) -> 287.51771 | G43: =G41-(G42-G38)*461.5228*G41^2/((G42)*1000*(2500.93-2.3666*(G41-273.15)-0.0016*(G41-273.15)^2)) -> 287.51765
A44: 露点温度 T_dp | B44: °C | C44: =C43-273.15 -> 28.82331 | D44: =D43-273.15 -> 28.848332 | E44: =E43-273.15 -> 14.402405 | F44: =F43-273.15 -> 14.367714 | G44: =G43-273.15 -> 14.367652
A45: 露点余裕 ΔT = T − T_dp | B45: K | C45: =C8-C44 -> 1.8316903 | D45: =D8-D44 -> 5.1516683 | E45: =E8-E44 -> 17.773606 | F45: =F8-F44 -> 5.6322857 | G45: =G8-G44 -> 5.6323478 | H45: ★5 K 以上を厳守（US EPA Method 320 は最低 5 °C を要求）。全経路で負にしないこと
A46: ── 導出量 / derived ──
A47: 混合比 w（乾きCO2基準） | B47: g/kg | C47: =1000*0.40935*C36/(1-C36) -> 5.7023232 | D47: =1000*0.40935*D36/(1-D36) -> 5.7023232 | E47: =1000*0.40935*E36/(1-E36) -> 5.7023232 | F47: =1000*0.40935*F36/(1-F36) -> 5.7023232 | G47: =1000*0.40935*G36/(1-G36) -> 5.7022999 | H47: ε_CO2 = M_H2O/M_CO2 = 0.409350。空気の 0.622 を使うと +51.9 % の誤り
A48: 絶対湿度 ρ_v | B48: g/m³ | C48: =1000*C37*0.018015268/(8.31446261815324*C9) -> 29.395568 | D48: =1000*D37*0.018015268/(8.31446261815324*D9) -> 29.075437 | E48: =1000*E37*0.018015268/(8.31446261815324*E9) -> 11.828836 | F48: =1000*F37*0.018015268/(8.31446261815324*F9) -> 12.320148 | G48: =1000*G37*0.018015268/(8.31446261815324*G9) -> 12.320098 | H48: 理想気体近似の蒸気密度
A49: 混合気体モル質量 M_mix | B49: kg/mol | C49: =C36*0.018015268+(1-C36)*0.0440095 -> 0.04365237 | D49: =D36*0.018015268+(1-D36)*0.0440095 -> 0.04365237 | E49: =E36*0.018015268+(1-E36)*0.0440095 -> 0.04365237 | F49: =F36*0.018015268+(1-F36)*0.0440095 -> 0.04365237 | G49: =G36*0.018015268+(1-G36)*0.0440095 -> 0.043652372
A50: 圧縮係数 Z_mix | B50: - | C50: =1+(C36^2*C13+2*C36*(1-C36)*C15+(1-C36)^2*C14)*C11/(8.31446261815324*C9) -> 0.98568345 | D50: =1+(D36^2*D13+2*D36*(1-D36)*D15+(1-D36)^2*D14)*D11/(8.31446261815324*D9) -> 0.98619833 | E50: =1+(E36^2*E13+2*E36*(1-E36)*E15+(1-E36)^2*E14)*E11/(8.31446261815324*E9) -> 0.99430603 | F50: =1+(F36^2*F13+2*F36*(1-F36)*F15+(1-F36)^2*F14)*F11/(8.31446261815324*F9) -> 0.99347758 | G50: =1+(G36^2*G13+2*G36*(1-G36)*G15+(1-G36)^2*G14)*G11/(8.31446261815324*G9) -> 0.99347758 | H50: 2次ビリアル混合則。Span–Wagner に対し 0.04 % 以内
A51: 密度 ρ | B51: kg/m³ | C51: =C11*C49/(C50*8.31446261815324*C9) -> 5.2597187 | D51: =D11*D49/(D50*8.31446261815324*D9) -> 5.1997219 | E51: =E11*E49/(E50*8.31446261815324*E9) -> 2.0981671 | F51: =F11*F49/(F50*8.31446261815324*F9) -> 2.187137 | G51: =G11*G49/(G50*8.31446261815324*G9) -> 2.187137
A53: ── 必要飽和器温度の逆算 / required saturator temperature ──
A54: 目標 x_v を一次側圧力 p_1 で η_sat の RH として実現するのに必要な飽和器温度
A55: 必要 p_sat(T_sat) = x_v,目標·p_1/(η_sat·f_1) | B55: Pa | C55: =G36*C11/(01_入力!$B$13*C33) -> 4409.2293 | H55: f_1 は S1 の f（同じ p,T で評価）
A56: 初期値（Hardy 逆式） | B56: K | C56: =(207.98233-20.156028*LN(C55)+0.46778925*LN(C55)^2-0.0000092288067*LN(C55)^3)/(1-0.13319669*LN(C55)+0.0056577518*LN(C55)^2-0.000075172865*LN(C55)^3) -> 303.8044
A57: p_sat(初期値) | B57: Pa | C57: =22064000*EXP(647.096/C56*(-7.85951783*(1-C56/647.096)+1.84408259*(1-C56/647.096)^1.5-11.7866497*(1-C56/647.096)^3+22.6807411*(1-C56/647.096)^3.5-15.9618719*(1-C56/647.096)^4+1.80122502*(1-C56/647.096)^7.5)) -> 4409.095
A58: Newton 1回目 | B58: K | C58: =C56-(C57-C55)*461.5228*C56^2/((C57)*1000*(2500.93-2.3666*(C56-273.15)-0.0016*(C56-273.15)^2)) -> 303.80493
A59: p_sat(1回目) | B59: Pa | C59: =22064000*EXP(647.096/C58*(-7.85951783*(1-C58/647.096)+1.84408259*(1-C58/647.096)^1.5-11.7866497*(1-C58/647.096)^3+22.6807411*(1-C58/647.096)^3.5-15.9618719*(1-C58/647.096)^4+1.80122502*(1-C58/647.096)^7.5)) -> 4409.2297
A60: Newton 2回目 | B60: K | C60: =C58-(C59-C55)*461.5228*C58^2/((C59)*1000*(2500.93-2.3666*(C58-273.15)-0.0016*(C58-273.15)^2)) -> 303.80493
A61: ★必要飽和器温度 T_sat | B61: °C | C61: =C60-273.15 -> 30.65493 | H61: この値を 01_入力 の『飽和器出口温度』に入力すると S4 の RH が目標に一致する
A62: 参考: 露点制御方式の必要冷却器温度（RH=100 %） | B62: °C | C62: =(207.98233-20.156028*LN(G36*C11/C33)+0.46778925*LN(G36*C11/C33)^2-0.0000092288067*LN(G36*C11/C33)^3)/(1-0.13319669*LN(G36*C11/C33)+0.0056577518*LN(G36*C11/C33)^2-0.000075172865*LN(G36*C11/C33)^3)-273.15 -> 28.822713 | H62: 飽和器の代わりに冷却凝縮で露点を決める場合（RH=100 %で出す）
A63: S4 で達成される RH と目標との差 | B63: %RH | C63: =100*(F35-G35) -> 0.00028135168 | H63: 0 になるように T_sat を調整（または 09_感度解析 を参照）

Sheet 04_流量切替
A1: 流量切替系の設計 / Fast flow-switching train
A2: 構成: 一次プレナム → 臨界ノズル A（常時 Q_L）∥ 臨界ノズル B（+ΔQ、高速弁で開閉） → 出力段
A4: A. 基準状態と流量 / Reference conditions and flows
A5: 標準状態のモル体積 V_m,ref | B5: =8.31446261815324*(01_入力!$B$22+273.15)/(01_入力!$B$23*1000) -> 0.02241397 | C5: m³/mol | D5: DIN 1343 (0 °C) = 22.4140 L/mol。20 °C 基準なら 24.0551 L/mol —— 質量流量が 7.32 % 変わる
A6: 高流量 ṅ_H | B6: =01_入力!$B$18/1000/60/04_流量切替!$B$5 -> 0.022307517 | C6: mol/s
A7: 低流量 ṅ_L | B7: =01_入力!$B$19/1000/60/04_流量切替!$B$5 -> 0.011153758 | C7: mol/s
A8: 流量差 Δṅ = ṅ_H − ṅ_L | B8: =04_流量切替!$B$6-04_流量切替!$B$7 -> 0.011153758 | C8: mol/s | D8: 切替ノズル B が受け持つ流量
A9: 平均流量 ṅ_mean | B9: =(01_入力!$B$20*04_流量切替!$B$6+01_入力!$B$21*04_流量切替!$B$7)/(01_入力!$B$20+01_入力!$B$21) -> 0.016730638 | C9: mol/s
A10: 質量流量（高流量時） | B10: =04_流量切替!$B$6*03_湿度状態点!$D$49*1000 -> 0.97377598 | C10: g/s | D10: ★論文では質量流量 g/s を主表記に。NLPM は基準条件を明記して併記
A11: 実体積流量（出力段、高流量時） | B11: =04_流量切替!$B$6*03_湿度状態点!$F$50*8.31446261815324*03_湿度状態点!$F$9/03_湿度状態点!$F$11*60000 -> 26.713718 | C11: L/min
A12: 切替周期 T_p | B12: =(01_入力!$B$20+01_入力!$B$21)/1000 -> 0.06 | C12: s
A13: 切替周波数 f_sw | B13: =1/04_流量切替!$B$12 -> 16.666667 | C13: Hz
A14: デューティ比 D | B14: =01_入力!$B$20/(01_入力!$B$20+01_入力!$B$21) -> 0.5 | C14: -
A16: B. 臨界ノズル（ISO 9300 CFVN）の寸法 / Critical-flow nozzle sizing
A17: 混合気体の比熱比 γ_mix（実在気体） | B17: =(03_湿度状態点!$D$36*(30.092+6.832514*(03_湿度状態点!$D$9/1000)+6.793435*(03_湿度状態点!$D$9/1000)^2-2.53448*(03_湿度状態点!$D$9/1000)^3+0.082139/(03_湿度状態点!$D$9/1000)^2)+(1-03_湿度状態点!$D$36)*((20.823075+0.059235957*03_湿度状態点!$D$9-0.00000051159127*03_湿度状態点!$D$9^2-0.000000048979736*03_湿度状態点!$D$9^3-03_湿度状態点!$D$9*0.0000000001*(-1131.240934/(03_湿度状態点!$D$9/100)^3+3608.789328/(03_湿度状態点!$D$9/100)^4-24219.432384/(03_湿度状態点!$D$9/100)^5)*03_湿度状態点!$D$11)))/(03_湿度状態点!$D$36*((30.092+6.832514*(03_湿度状態点!$D$9/1000)+6.793435*(03_湿度状態点!$D$9/1000)^2-2.53448*(03_湿度状態点!$D$9/1000)^3+0.082139/(03_湿度状態点!$D$9/1000)^2)-8.31446261815324)+(1-03_湿度状態点!$D$36)*(((20.823075+0.059235957*03_湿度状態点!$D$9-0.00000051159127*03_湿度状態点!$D$9^2-0.000000048979736*03_湿度状態点!$D$9^3)-8.31446261815324-03_湿度状態点!$D$9*8.31446261815324*(2*0.00000001*(565.620467/(03_湿度状態点!$D$9/100)^2-1202.929776/(03_湿度状態点!$D$9/100)^3+6054.858096/(03_湿度状態点!$D$9/100)^4)+03_湿度状態点!$D$9*0.0000000001*(-1131.240934/(03_湿度状態点!$D$9/100)^3+3608.789328/(03_湿度状態点!$D$9/100)^4-24219.432384/(03_湿度状態点!$D$9/100)^5))*(03_湿度状態点!$D$11/((1+0.000001*(75.188632-565.620467/(03_湿度状態点!$D$9/100)+601.464888/(03_湿度状態点!$D$9/100)^2-2018.286032/(03_湿度状態点!$D$9/100)^3)*03_湿度状態点!$D$11/(8.31446261815324*03_湿度状態点!$D$9))*8.31446261815324*03_湿度状態点!$D$9))))) -> 1.2994166 | C17: - | D17: 実在気体の γ は圧力依存（20 °C で 1 bar:1.297 → 4 bar:1.315）。一定値を使わないこと
A18: 臨界流関数 C*（完全気体式） | B18: =SQRT(04_流量切替!$B$17*(2/(04_流量切替!$B$17+1))^((04_流量切替!$B$17+1)/(04_流量切替!$B$17-1))) -> 0.66715689 | C18: - | D18: ISO 9300:2022 5.2。実在気体補正は下段で Z によって行う（Annex B の表で置換可）
A19: よどみ点圧縮係数 Z_0 | B19: =03_湿度状態点!$D$50 -> 0.98619833 | C19: -
A20: 実在気体 臨界流関数 C_R = C*/√Z_0 | B20: =04_流量切替!$B$18/SQRT(04_流量切替!$B$19) -> 0.67180904 | C20: - | D20: よどみ密度の実在気体補正（主要項）。厳密には ISO 9300:2022 Annex B の CO2 表を使用
A21: 粘度 μ（よどみ点） | B21: =0.00000100697*SQRT(03_湿度状態点!$D$9)/EXP(0.235156-0.491266*LN(03_湿度状態点!$D$9/251.196)+0.05211155*LN(03_湿度状態点!$D$9/251.196)^2+0.05347906*LN(03_湿度状態点!$D$9/251.196)^3-0.01537102*LN(03_湿度状態点!$D$9/251.196)^4) -> 1.5359521e-05 | C21: Pa·s | D21: Fenghour et al. (1998) 零密度項。純 CO2 の値（水蒸気 1.4 mol% の混合効果は Re に 0.35 % で Cd には 0.02 % しか効かない）
A22: 気体定数 R_s = R/M_mix | B22: =8.31446261815324/03_湿度状態点!$D$49 -> 190.4699 | C22: J/(kg·K)
A23: 臨界圧力比 p*/p_0 | B23: =(2/(04_流量切替!$B$17+1))^(04_流量切替!$B$17/(04_流量切替!$B$17-1)) -> 0.54583318 | C23: -
A24: 実際の背圧比 p_out/p_1 | B24: =01_入力!$B$9/01_入力!$B$12 -> 0.40441667 | C24: -
A25: ★チョーク判定 | B25: =IF(04_流量切替!$B$24<04_流量切替!$B$23,"OK: チョーク（背圧比 "&TEXT(04_流量切替!$B$24,"0.000")&" < "&TEXT(04_流量切替!$B$23,"0.000")&"）","NG: 非チョーク — 一次圧 p_1 を上げること") -> OK: チョーク（背圧比 0.404 < 0.546） | D25: ISO 9300 は低 Re で背圧比 ≤ 0.25 を推奨。ディフューザ無しの実用限界は約 0.5
A27: — ノズル A（常時開、Q_L 分） —
A28: A: 質量流量 q_m | B28: =04_流量切替!$B$7*03_湿度状態点!$D$49 -> 0.00048688799 | C28: kg/s
A29: A: 反復 初期値 Cd | B29: =0.99 -> 0.99 | C29: -
A30: A: 反復1 のど径 d_t | B30: =SQRT(4*($B$28*SQRT(04_流量切替!$B$22*03_湿度状態点!$D$9)/($B$29*04_流量切替!$B$20*03_湿度状態点!$D$11))/PI()) -> 0.00086688734 | C30: m
A31: A: 反復1 Re / Cd | B31: =01_入力!$B$40-01_入力!$B$41*(4*$B$28/(PI()*$B$30*04_流量切替!$B$21))^-0.5 -> 0.98329423 | C31: -
A32: A: 反復2 のど径 d_t | B32: =SQRT(4*($B$28*SQRT(04_流量切替!$B$22*03_湿度状態点!$D$9)/($B$31*04_流量切替!$B$20*03_湿度状態点!$D$11))/PI()) -> 0.00086983828 | C32: m
A33: A: 反復2 Re / Cd | B33: =01_入力!$B$40-01_入力!$B$41*(4*$B$28/(PI()*$B$32*04_流量切替!$B$21))^-0.5 -> 0.98327279 | C33: -
A34: A: 反復3 のど径 d_t | B34: =SQRT(4*($B$28*SQRT(04_流量切替!$B$22*03_湿度状態点!$D$9)/($B$33*04_流量切替!$B$20*03_湿度状態点!$D$11))/PI()) -> 0.00086984776 | C34: m
A35: A: 反復3 Re / Cd | B35: =01_入力!$B$40-01_入力!$B$41*(4*$B$28/(PI()*$B$34*04_流量切替!$B$21))^-0.5 -> 0.98327272 | C35: -
A36: ★A: のど径 d_t | B36: =SQRT(4*($B$28*SQRT(04_流量切替!$B$22*03_湿度状態点!$D$9)/($B$35*04_流量切替!$B$20*03_湿度状態点!$D$11))/PI())*1000 -> 0.86984779 | C36: mm | D36: ISO 9300:2022 トロイダル形。Cd = 0.9959 − 2.720·Re^−0.5、u(Cd)=0.3 % (k=2)
A37: A: のど Reynolds 数 | B37: =4*$B$28/(PI()*$B$36/1000*04_流量切替!$B$21) -> 46400.028 | C37: - | D37: 有効範囲 2.1e4 ≤ Re ≤ 3.2e7。下限近傍は境界層遷移域なので実機校正が必須
A39: — ノズル B（高速弁で開閉、ΔQ 分） —
A40: B: 質量流量 q_m | B40: =04_流量切替!$B$8*03_湿度状態点!$D$49 -> 0.00048688799 | C40: kg/s
A41: B: 反復 初期値 Cd | B41: =0.99 -> 0.99 | C41: -
A42: B: 反復1 のど径 d_t | B42: =SQRT(4*($B$40*SQRT(04_流量切替!$B$22*03_湿度状態点!$D$9)/($B$41*04_流量切替!$B$20*03_湿度状態点!$D$11))/PI()) -> 0.00086688734 | C42: m
A43: B: 反復1 Re / Cd | B43: =01_入力!$B$40-01_入力!$B$41*(4*$B$40/(PI()*$B$42*04_流量切替!$B$21))^-0.5 -> 0.98329423 | C43: -
A44: B: 反復2 のど径 d_t | B44: =SQRT(4*($B$40*SQRT(04_流量切替!$B$22*03_湿度状態点!$D$9)/($B$43*04_流量切替!$B$20*03_湿度状態点!$D$11))/PI()) -> 0.00086983828 | C44: m
A45: B: 反復2 Re / Cd | B45: =01_入力!$B$40-01_入力!$B$41*(4*$B$40/(PI()*$B$44*04_流量切替!$B$21))^-0.5 -> 0.98327279 | C45: -
A46: B: 反復3 のど径 d_t | B46: =SQRT(4*($B$40*SQRT(04_流量切替!$B$22*03_湿度状態点!$D$9)/($B$45*04_流量切替!$B$20*03_湿度状態点!$D$11))/PI()) -> 0.00086984776 | C46: m
A47: B: 反復3 Re / Cd | B47: =01_入力!$B$40-01_入力!$B$41*(4*$B$40/(PI()*$B$46*04_流量切替!$B$21))^-0.5 -> 0.98327272 | C47: -
A48: ★B: のど径 d_t | B48: =SQRT(4*($B$40*SQRT(04_流量切替!$B$22*03_湿度状態点!$D$9)/($B$47*04_流量切替!$B$20*03_湿度状態点!$D$11))/PI())*1000 -> 0.86984779 | C48: mm | D48: ISO 9300:2022 トロイダル形。Cd = 0.9959 − 2.720·Re^−0.5、u(Cd)=0.3 % (k=2)
A49: B: のど Reynolds 数 | B49: =4*$B$40/(PI()*$B$48/1000*04_流量切替!$B$21) -> 46400.028 | C49: - | D49: 有効範囲 2.1e4 ≤ Re ≤ 3.2e7。下限近傍は境界層遷移域なので実機校正が必須
A51: 【重要】CO2 は振動緩和のため、のど滞在時間と緩和時間が同程度になり Cd が最大 2 % ずれる（Johnson & Wright, Flow Meas. Instrum. 11, 315, 2000）。
A52: 空気で 0.2 % のノズルが CO2 では 2 % になりうる。必ず CO2 で、実機ののど径で校正すること。
A54: C. 切替アクチュエータの要求 / Switching actuator requirement
A55: 許容応答時間（周期の10 %） | B55: =04_流量切替!$B$12*1000*0.1 -> 6 | C55: ms
A56: ★弁応答の判定 | B56: =IF(01_入力!$B$30<=04_流量切替!$B$55,"OK: 弁 "&TEXT(01_入力!$B$30,"0.0")&" ms ≤ 要求 "&TEXT(04_流量切替!$B$55,"0.0")&" ms","NG: 弁が遅い") -> OK: 弁 1.0 ms ≤ 要求 6.0 ms | D56: SMC SX10: ON 0.45 / OFF 0.40 ms, 1200 Hz。Festo MHJ9/MHJ10: <1 ms, 1000 Hz。スパイク&ホールド駆動が前提
A57: サーマル MFC の最速整定時間（参考） | B57: =300 -> 300 | C57: ms | D57: Bronkhorst IQ+FLOW 最速 300 ms、EL-FLOW 1–2 s、Brooks GF40 <1 s、Horiba SEC-Z500X 1 s
A58: → MFC は周期の何倍か | B58: =$B$57/(04_流量切替!$B$12*1000) -> 5 | C58: 倍 | D58: ★サーマル MFC はセンサ管の熱時定数で物理的に律速。切替素子には使えない（校正基準としてのみ使用）
A59: ピエゾ比例弁の代表応答（Festo VEMP） | B59: =15 -> 15 | C59: ms | D59: 周期の半分。角波の生成には使えない

Sheet 05_圧力安定
A1: 出力段の圧力安定性 / Pressure stability at the delivery plane
A2: 【設計上の本質的トレードオフ】固定排気なら、30 NLPM と 15 NLPM で同じ圧力にはならない。
A3: 大容積で圧力を平滑化すると 30 ms の流量変調が消える。両立の唯一の解が『排気側を入口と同期して切り替える』ことである。
A5: 0. 出力段の気体物性（以下で参照）/ Delivery-plane gas properties
A6: 比熱比 γ_mix（実在気体） | B6: =(03_湿度状態点!$F$36*(30.092+6.832514*(03_湿度状態点!$F$9/1000)+6.793435*(03_湿度状態点!$F$9/1000)^2-2.53448*(03_湿度状態点!$F$9/1000)^3+0.082139/(03_湿度状態点!$F$9/1000)^2)+(1-03_湿度状態点!$F$36)*((20.823075+0.059235957*03_湿度状態点!$F$9-0.00000051159127*03_湿度状態点!$F$9^2-0.000000048979736*03_湿度状態点!$F$9^3-03_湿度状態点!$F$9*0.0000000001*(-1131.240934/(03_湿度状態点!$F$9/100)^3+3608.789328/(03_湿度状態点!$F$9/100)^4-24219.432384/(03_湿度状態点!$F$9/100)^5)*03_湿度状態点!$F$11)))/(03_湿度状態点!$F$36*((30.092+6.832514*(03_湿度状態点!$F$9/1000)+6.793435*(03_湿度状態点!$F$9/1000)^2-2.53448*(03_湿度状態点!$F$9/1000)^3+0.082139/(03_湿度状態点!$F$9/1000)^2)-8.31446261815324)+(1-03_湿度状態点!$F$36)*(((20.823075+0.059235957*03_湿度状態点!$F$9-0.00000051159127*03_湿度状態点!$F$9^2-0.000000048979736*03_湿度状態点!$F$9^3)-8.31446261815324-03_湿度状態点!$F$9*8.31446261815324*(2*0.00000001*(565.620467/(03_湿度状態点!$F$9/100)^2-1202.929776/(03_湿度状態点!$F$9/100)^3+6054.858096/(03_湿度状態点!$F$9/100)^4)+03_湿度状態点!$F$9*0.0000000001*(-1131.240934/(03_湿度状態点!$F$9/100)^3+3608.789328/(03_湿度状態点!$F$9/100)^4-24219.432384/(03_湿度状態点!$F$9/100)^5))*(03_湿度状態点!$F$11/((1+0.000001*(75.188632-565.620467/(03_湿度状態点!$F$9/100)+601.464888/(03_湿度状態点!$F$9/100)^2-2018.286032/(03_湿度状態点!$F$9/100)^3)*03_湿度状態点!$F$11/(8.31446261815324*03_湿度状態点!$F$9))*8.31446261815324*03_湿度状態点!$F$9))))) -> 1.2981203 | C6: - | D6: cp, cv とも第2ビリアルで実在気体補正
A7: 音速 c（平衡） | B7: =SQRT(05_圧力安定!$B$6*8.31446261815324*03_湿度状態点!$F$9*(1+2*(0.000001*(75.188632-565.620467/(03_湿度状態点!$F$9/100)+601.464888/(03_湿度状態点!$F$9/100)^2-2018.286032/(03_湿度状態点!$F$9/100)^3))*03_湿度状態点!$F$11/(03_湿度状態点!$F$50*8.31446261815324*03_湿度状態点!$F$9))/03_湿度状態点!$F$49) -> 267.49454 | C7: m/s | D7: 湿潤混合気体として評価（M_mix を使用）。乾き CO2 なら 266.4 m/s、混合では +1.1 m/s
A8: オリフィス係数 K_or | B8: =01_入力!$B$33*SQRT(2*05_圧力安定!$B$6/((05_圧力安定!$B$6-1)*(8.31446261815324/03_湿度状態点!$F$49)*03_湿度状態点!$F$9))/SQRT(03_湿度状態点!$F$50) -> 0.0077683941 | C8: - | D8: 流量式 q_m = K_or·A·p1·Ψ(p2/p1) の係数部分
A10: A. 受動バッファのみの場合（排気を切り替えない）/ Passive buffer only
A11: 出力プレナム容積 V_2 | B11: =01_入力!$B$27/1000000 -> 0.0001 | C11: m³
A12: 空気圧キャパシタンス C = V/(n·R·T) | B12: =05_圧力安定!$B$11/(01_入力!$B$32*8.31446261815324*03_湿度状態点!$F$9) -> 3.1804327e-08 | C12: mol/Pa | D12: n=1 等温（遅い過程）、n=γ≈1.29 断熱（速い過程）。30 ms なら断熱側。両者で 29 % 違う
A13: 半周期に蓄積されるモル数 Δn | B13: =04_流量切替!$B$14*(1-04_流量切替!$B$14)*04_流量切替!$B$8*04_流量切替!$B$12 -> 0.00016730638 | C13: mol
A14: ★圧力リプル（peak-to-peak） | B14: =05_圧力安定!$B$13/05_圧力安定!$B$12/1000 -> 5.260491 | C14: kPa
A15: 設定圧に対する比 | B15: =05_圧力安定!$B$14/01_入力!$B$6*100 -> 26.302455 | C15: %
A16: ±0.5 % に収めるのに必要な容積 | B16: =04_流量切替!$B$14*(1-04_流量切替!$B$14)*04_流量切替!$B$8*04_流量切替!$B$12*01_入力!$B$32*8.31446261815324*03_湿度状態点!$F$9/(01_入力!$B$6*1000*0.01)*1000000 -> 2630.2455 | C16: mL | D16: この容積の滞在時間は切替周期の数十倍になり、流量変調が完全に失われる
A17: その容積のガス滞在時間 | B17: =$B$16/1000000/(04_流量切替!$B$9*03_湿度状態点!$F$50*8.31446261815324*03_湿度状態点!$F$9/03_湿度状態点!$F$11) -> 7.8768386 | C17: s
A18: → 切替周期の何倍か | B18: =$B$17/04_流量切替!$B$12 -> 131.28064 | C18: 倍 | D18: ★これが『圧力を静かにすると流量変調が消える』という矛盾の定量表現
A20: B. 固定排気オリフィスだと何が起きるか / Why a fixed exhaust orifice fails
A21: 排気圧力比 p_atm/p_out | B21: =01_入力!$B$5/01_入力!$B$9 -> 0.83515351 | C21: -
A22: 臨界圧力比（参考） | B22: =(2/(05_圧力安定!$B$6+1))^(05_圧力安定!$B$6/(05_圧力安定!$B$6-1)) -> 0.54606766 | C22: - | D22: 排気は亜音速（チョークしない）→ 流量は上下流の両方に依存する
A23: 流量関数 Ψ(p_atm/p_out) | B23: =SQRT(MAX((05_圧力安定!$B$21)^(2/05_圧力安定!$B$6)-(05_圧力安定!$B$21)^((1+05_圧力安定!$B$6)/05_圧力安定!$B$6),0)) -> 0.17522655 | C23: -
A24: Q_L を通す固定オリフィス径 | B24: =SQRT(4*(04_流量切替!$B$7*03_湿度状態点!$F$49/(05_圧力安定!$B$8*03_湿度状態点!$F$11*05_圧力安定!$B$23))/PI())*1000 -> 1.9374427 | C24: mm
A25: そのオリフィスに Q_H を流したときの圧力（反復 1） | B25: =01_入力!$B$5*1000+(03_湿度状態点!$F$11-01_入力!$B$5*1000)*(04_流量切替!$B$6/04_流量切替!$B$7)^2 -> 181325 | C25: Pa
A26: 反復 2 | B26: =$B$25*(04_流量切替!$B$6*03_湿度状態点!$F$49/(05_圧力安定!$B$8*$B$25*SQRT(MAX(((01_入力!$B$5*1000/$B$25))^(2/05_圧力安定!$B$6)-((01_入力!$B$5*1000/$B$25))^((1+05_圧力安定!$B$6)/05_圧力安定!$B$6),0))*PI()*(05_圧力安定!$B$24/1000)^2/4)) -> 188210.2 | C26: Pa
A27: 反復 3 | B27: =$B$26*(04_流量切替!$B$6*03_湿度状態点!$F$49/(05_圧力安定!$B$8*$B$26*SQRT(MAX(((01_入力!$B$5*1000/$B$26))^(2/05_圧力安定!$B$6)-((01_入力!$B$5*1000/$B$26))^((1+05_圧力安定!$B$6)/05_圧力安定!$B$6),0))*PI()*(05_圧力安定!$B$24/1000)^2/4)) -> 188165.73 | C27: Pa
A28: 反復 4 | B28: =$B$27*(04_流量切替!$B$6*03_湿度状態点!$F$49/(05_圧力安定!$B$8*$B$27*SQRT(MAX(((01_入力!$B$5*1000/$B$27))^(2/05_圧力安定!$B$6)-((01_入力!$B$5*1000/$B$27))^((1+05_圧力安定!$B$6)/05_圧力安定!$B$6),0))*PI()*(05_圧力安定!$B$24/1000)^2/4)) -> 188164.9 | C28: Pa
A29: ★固定排気のとき Q_H で生じるゲージ圧 | B29: =($B$28-01_入力!$B$5*1000)/1000 -> 86.839896 | C29: kPa | D29: 目標 20 kPa に対して桁違い。固定排気では仕様を満たせないことの定量的証明
A31: C. 推奨構成: 排気側を同期切替 / Recommended: synchronised exhaust switching
A32: 入口の高速弁と同じ信号で排気オリフィスも切り替える。定常状態では Q_L / Q_H のどちらでも同じ 20 kPa を保つ。
A34: 排気オリフィス C（常時開、Q_L 分）径 | B34: =05_圧力安定!$B$24 -> 1.9374427 | C34: mm
A35: 排気オリフィス D（同期切替、ΔQ 分）径 | B35: =SQRT(4*(04_流量切替!$B$8*03_湿度状態点!$F$49/(05_圧力安定!$B$8*03_湿度状態点!$F$11*05_圧力安定!$B$23))/PI())*1000 -> 1.9374427 | C35: mm
A36: 合計（Q_H 時の等価径） | B36: =SQRT(4*(04_流量切替!$B$6*03_湿度状態点!$F$49/(05_圧力安定!$B$8*03_湿度状態点!$F$11*05_圧力安定!$B$23))/PI())*1000 -> 2.7399577 | C36: mm
A37: ★残留リプル（弁の同期ずれ Δt_skew による） | B37: =04_流量切替!$B$8*01_入力!$B$31/1000*01_入力!$B$32*8.31446261815324*03_湿度状態点!$F$9/05_圧力安定!$B$11/1000 -> 0.1753497 | C37: kPa | D37: 同期ずれの間だけ流入と流出が釣り合わない。これが達成可能な圧力精度を決める
A38: 設定圧に対する比 | B38: =05_圧力安定!$B$37/01_入力!$B$6*100 -> 0.8767485 | C38: %
A39: 受動バッファのみに対する改善率 | B39: =05_圧力安定!$B$14/05_圧力安定!$B$37 -> 30 | C39: 倍
A40: その圧力リプルが RH に与える誤差 | B40: =05_圧力安定!$B$37*03_湿度状態点!$F$35/(01_入力!$B$9)*100 -> 0.10117064 | C40: %RH | D40: RH ∝ p（x_v, T 一定）。圧力よりも温度の方がはるかに効く（09_感度解析 参照）
A42: D. 音響・容積の制約 / Acoustic and dead-volume limits
A43: 音速（平衡、振動緩和あり） | B43: =05_圧力安定!$B$7 -> 267.49454 | C43: m/s | D43: 上段(0節)で算出した値
A44: 音速（凍結、γ=7/5 の高周波極限） | B44: =SQRT(1.4*8.31446261815324*03_湿度状態点!$F$9/03_湿度状態点!$F$49) -> 279.59033 | C44: m/s | D44: CO2 は振動緩和で強く分散する。切替エッジの高周波成分は約 4.5 % 速い音速を見る
A45: ★集中定数モデルの配管長限界 L < c·t_r/10 | B45: =05_圧力安定!$B$7*01_入力!$B$30/1000/10*1000 -> 26.749454 | C45: mm | D45: 弁のエッジで判定する（基本波ではなく）。これを超える配管は伝送線路として扱う必要がある
A46: 実際の配管長 | B46: =01_入力!$B$29*1000 -> 25 | C46: mm
A47: 判定 | B47: =IF(01_入力!$B$29*1000<=$B$45,"OK: 集中定数近似が成立","注意: 伝送線路効果あり — 配管短縮かエッジ鈍化を検討") -> OK: 集中定数近似が成立
A48: 1/4波長共振周波数 c/(4L) | B48: =05_圧力安定!$B$7/(4*01_入力!$B$29) -> 2674.9454 | C48: Hz | D48: 切替の高調波と重ならないこと
A49: ヘルムホルツ共鳴周波数 f_H | B49: =05_圧力安定!$B$7/(2*PI())*SQRT((PI()*(01_入力!$B$34/1000)^2/4)/(05_圧力安定!$B$11*(01_入力!$B$35/1000+0.85*01_入力!$B$34/2000))) -> 203.8683 | C49: Hz | D49: ★プレナム容積と首部で決まる。切替の第5高調波より上に置くこと
A50: 切替基本波 f_sw | B50: =04_流量切替!$B$13 -> 16.666667 | C50: Hz
A51: 第5高調波 | B51: =5*04_流量切替!$B$13 -> 83.333333 | C51: Hz
A52: 判定 | B52: =IF($B$49>5*04_流量切替!$B$13,"OK: 共鳴は第5高調波より上","NG: 共鳴が切替高調波帯にある — 首部形状を変更") -> OK: 共鳴は第5高調波より上
A53: 半周期あたりの掃気体積（Q_H） | B53: =04_流量切替!$B$6*03_湿度状態点!$F$50*8.31446261815324*03_湿度状態点!$F$9/03_湿度状態点!$F$11*01_入力!$B$20/1000*1000000 -> 13.356859 | C53: mL | D53: ★切替弁より下流の死容積はこれより十分小さいこと。さもないとエッジが鈍る
A54: 死容積の推奨上限（掃気体積の1/5） | B54: =$B$53/5 -> 2.6713718 | C54: mL
A56: E. 平均圧の制御 / Mean-pressure control (regulator, DC only)
A57: 33 Hz 帯のリプルを制御器で潰すのは不可能: Alicat PC は 30 ms（＝1周期、位相遅れ360°）、Tescom ER3000 は 552 ms。
A59: 最速級の Equilibar ドームロード背圧弁でも約 10 ms。背圧弁は平均圧の保持のみに使い、リプルは受動＋同期排気で処理する。
A61: 背圧弁に要求される帯域（平均圧保持のみ） | B61: =1 -> 1 | C61: Hz | D61: 上記いずれの機種でも十分

Sheet 06_熱水収支
A1: 熱・水収支 / Thermal and water balance
A3: A. 加湿に必要な水 / Water demand
A4: 水蒸気モル流量（Q_H 時） | B4: =04_流量切替!$B$6*03_湿度状態点!$F$36 -> 0.00030647864 | C4: mol/s
A5: ★蒸発させる水の量（Q_H、乾ガスから） | B5: =$B$4*0.018015268*3600*1000 -> 19.876661 | C5: g/h
A6: 同（Q_L 時） | B6: =$B$5*04_流量切替!$B$7/04_流量切替!$B$6 -> 9.9383306 | C6: g/h
A7: 水の蒸発潜熱 Δh_vap(T_out) | B7: =1000*(2500.93-2.3666*(03_湿度状態点!$F$9-273.15)-0.0016*(03_湿度状態点!$F$9-273.15)^2)/1000 -> 2452.958 | C7: kJ/kg | D7: IAPWS-95 へのフィット。20 °C で 2453.5 kJ/kg
A8: ★潜熱負荷 | B8: =$B$5/3600/1000*$B$7*1000 -> 13.543504 | C8: W
A10: B. 顕熱（加熱・冷却）/ Sensible duty
A11: 混合気体のモル比熱 cp_mix（出力段） | B11: =(03_湿度状態点!$F$36*(30.092+6.832514*(03_湿度状態点!$F$9/1000)+6.793435*(03_湿度状態点!$F$9/1000)^2-2.53448*(03_湿度状態点!$F$9/1000)^3+0.082139/(03_湿度状態点!$F$9/1000)^2)+(1-03_湿度状態点!$F$36)*((20.823075+0.059235957*03_湿度状態点!$F$9-0.00000051159127*03_湿度状態点!$F$9^2-0.000000048979736*03_湿度状態点!$F$9^3-03_湿度状態点!$F$9*0.0000000001*(-1131.240934/(03_湿度状態点!$F$9/100)^3+3608.789328/(03_湿度状態点!$F$9/100)^4-24219.432384/(03_湿度状態点!$F$9/100)^5)*03_湿度状態点!$F$11))) -> 37.242853 | C11: J/(mol·K)
A12: 質量基準 cp | B12: =06_熱水収支!$B$11/03_湿度状態点!$F$49 -> 853.16909 | C12: J/(kg·K) | D12: CO2 は 846 J/(kg·K)（20 °C, 1 atm）
A13: 顕熱負荷 1 K あたり（Q_H） | B13: =04_流量切替!$B$6*06_熱水収支!$B$11 -> 0.83079557 | C13: W/K
A14: S2 → S3（JT 膨張）の温度変化 | B14: =03_湿度状態点!$B$3 -> -1.8239893 | C14: K | D14: 自然に起きる冷却（加熱器不要）
A15: ★S3 → S4 の恒温化に要する熱量 | B15: =06_熱水収支!$B$13*(03_湿度状態点!$F$8-03_湿度状態点!$E$8) -> -10.115776 | C15: W | D15: 負なら冷却。出力プレナムを恒温槽／ペルチェで 20.0 ± 0.2 °C に保つ
A16: 飽和器の蒸発潜熱による自己冷却 | B16: =$B$8 -> 13.543504 | C16: W | D16: 飽和器は恒温制御が必須（放置すると自己冷却でドリフトする）
A17: 配管からの放熱（概算） | B17: =PI()*(01_入力!$B$28/1000+0.002)*01_入力!$B$29*10*(01_入力!$B$15-20) -> 0.10995574 | C17: W | D17: h≈10 W/(m²K)、無保温・自然対流。断熱すれば 1/3 以下
A18: ★ヒータ推奨容量（計算値の3倍） | B18: =3*(ABS($B$15)+$B$8+ABS($B$17)) -> 71.307707 | C18: W | D18: 過大にしないこと。オーバーシュートは 20 °C を超えて RH を下げる
A20: C. 結露余裕の監視 / Condensation margin at every state point
A21: 状態点 | B21: 温度 [°C] | C21: 露点 [°C] | D21: 余裕 ΔT [K] | E21: 判定
A22: S1 飽和器出口 | B22: =03_湿度状態点!$C$8 -> 30.655 | C22: =03_湿度状態点!$C$44 -> 28.82331 | D22: =03_湿度状態点!$C$45 -> 1.8316903 | E22: =IF(03_湿度状態点!$C$45>0,"仕様上ここは飽和近傍（RH=η_sat）。下流を単調に昇温させ、デミスタを設けること","NG: 結露") -> 仕様上ここは飽和近傍（RH=η_sat）。下流を単調に昇温させ、デミスタを設けること
A23: S2 ノズル上流 | B23: =03_湿度状態点!$D$8 -> 34 | C23: =03_湿度状態点!$D$44 -> 28.848332 | D23: =03_湿度状態点!$D$45 -> 5.1516683 | E23: =IF(03_湿度状態点!$D$45>=5,"OK (≥5 K)",IF(03_湿度状態点!$D$45>0,"注意: 余裕 <5 K — 壁温を上げること","NG: 結露")) -> OK (≥5 K)
A24: S3 ノズル下流 | B24: =03_湿度状態点!$E$8 -> 32.176011 | C24: =03_湿度状態点!$E$44 -> 14.402405 | D24: =03_湿度状態点!$E$45 -> 17.773606 | E24: =IF(03_湿度状態点!$E$45>=5,"OK (≥5 K)",IF(03_湿度状態点!$E$45>0,"注意: 余裕 <5 K — 壁温を上げること","NG: 結露")) -> OK (≥5 K)
A25: S4 出力段 | B25: =03_湿度状態点!$F$8 -> 20 | C25: =03_湿度状態点!$F$44 -> 14.367714 | D25: =03_湿度状態点!$F$45 -> 5.6322857 | E25: =IF(03_湿度状態点!$F$45>=5,"OK (≥5 K)",IF(03_湿度状態点!$F$45>0,"注意: 余裕 <5 K — 壁温を上げること","NG: 結露")) -> OK (≥5 K)
A26: US EPA Method 320 は試料配管を露点より最低 5 °C 高く保つことを要求。業界慣行の 20 K は出力段では使えない（RH 仕様が壊れるため）。
A27: 余裕は『温度の均一性』で買う: 分布 RTD を3点以上、バルブ本体・継手・センサボスの冷点を無くし、温度プロファイルを単調にすること。
A28: 濡れ面は PFA/PTFE を推奨。ステンレスは RH 依存の水分吸着で高速応答を鈍らせる（AMT 12, 3453, 2019）。
A29: 湿潤CO2の凝縮水は pH 3.6–3.9（炭酸）。炭素鋼は不可（de Waard–Milliams）。316L・PFA・PTFE・PEEK を使用し、給水は必ず純水（塩化物による孔食防止）。
A30: ドライアイス生成の心配は不要: CO2 三重点 216.592 K / 517.95 kPa、1 atm 昇華点 194.7 K。JT だけで到達するには約 89 bar の差圧が必要で、本系の 2.8 bar とは32倍の開きがある。

Sheet 07_配管
A1: 配管 / Piping between the switching valve and the delivery plane
A3: 内径 d_i | B3: =01_入力!$B$28/1000 -> 0.008 | C3: m
A4: 断面積 A | B4: =PI()*07_配管!$B$3^2/4 -> 5.0265482e-05 | C4: m²
A5: 実体積流量（Q_H） | B5: =04_流量切替!$B$6*03_湿度状態点!$F$50*8.31446261815324*03_湿度状態点!$F$9/03_湿度状態点!$F$11 -> 0.00044522863 | C5: m³/s
A6: 流速 v | B6: =07_配管!$B$5/07_配管!$B$4 -> 8.8575421 | C6: m/s | D6: 20 m/s 以下を目安（圧損と騒音）
A7: 密度 ρ | B7: =03_湿度状態点!$F$51 -> 2.187137 | C7: kg/m³
A8: 粘度 μ（CO2 希薄極限） | B8: =(0.00000100697*SQRT(03_湿度状態点!$F$9)/EXP(0.235156-0.491266*LN(03_湿度状態点!$F$9/251.196)+0.05211155*LN(03_湿度状態点!$F$9/251.196)^2+0.05347906*LN(03_湿度状態点!$F$9/251.196)^3-0.01537102*LN(03_湿度状態点!$F$9/251.196)^4)) -> 1.4681337e-05 | C8: Pa·s | D8: Fenghour et al. (1998)。Laesecke & Muzny (2017) と 0.04 % 一致
A9: Reynolds 数 Re | B9: =07_配管!$B$7*07_配管!$B$6*07_配管!$B$3/(0.00000100697*SQRT(03_湿度状態点!$F$9)/EXP(0.235156-0.491266*LN(03_湿度状態点!$F$9/251.196)+0.05211155*LN(03_湿度状態点!$F$9/251.196)^2+0.05347906*LN(03_湿度状態点!$F$9/251.196)^3-0.01537102*LN(03_湿度状態点!$F$9/251.196)^4)) -> 10556.345 | C9: -
A10: Darcy 摩擦係数 f | B10: =IF(07_配管!$B$9<2300,64/07_配管!$B$9,0.3164*07_配管!$B$9^-0.25) -> 0.031214622 | C10: - | D10: 層流 64/Re、乱流 Blasius（4e3<Re<1e5）
A11: ★圧力損失 Δp | B11: =07_配管!$B$10*(01_入力!$B$29/07_配管!$B$3)*0.5*07_配管!$B$7*07_配管!$B$6^2/1000 -> 0.0083691342 | C11: kPa | D11: 20 kPa の設定値に対する比率を確認すること
A12: 設定ゲージ圧に対する比 | B12: =$B$11/01_入力!$B$6*100 -> 0.041845671 | C12: %
A13: ガス粒子の輸送遅れ L/v | B13: =01_入力!$B$29/07_配管!$B$6*1000 -> 2.8224534 | C13: ms | D13: 組成が一様なら流量ステップには効かない
A14: 音響伝播遅れ L/c | B14: =01_入力!$B$29/05_圧力安定!$B$7*1000 -> 0.093459853 | C14: ms | D14: ★流量ステップはこの速さで伝わる（ガス粒子の速さではない）
A15: 弁応答時間との比較 | B15: =01_入力!$B$30 -> 1 | C15: ms
A16: 推奨: 切替弁・ノズル・出力プレナムを 30 mm 以内に一体化する。配管が長いほどエッジが鈍り、定在波が立つ。

Sheet 08_安全
A1: 安全・換気 / Safety and ventilation
A3: CO2 放出モル流量（Q_H 連続） | B3: =04_流量切替!$B$6 -> 0.022307517 | C3: mol/s
A4: 室温・大気圧での空気モル体積 | B4: =8.31446261815324*293.15/101325 -> 0.024055117 | C4: m³/mol
A5: ★必要換気量（k=1） | B5: =04_流量切替!$B$6*$B$4/((01_入力!$B$45-01_入力!$B$46)/1000000)*3600 -> 421.78946 | C5: m³/h | D5: 定常・完全混合。分子基準で統一（CO2 の標準状態体積と室内空気体積を混ぜないこと）
A6: ★必要換気量（混合係数 k 込み） | B6: =$B$5*01_入力!$B$47 -> 1265.3684 | C6: m³/h | D6: EIGA Doc 44: CO2 は空気より重く低所に滞留するため k ≥ 3。排気は最下部から、給気は上部から
A7: 換気回数 | B7: =$B$6/01_入力!$B$44 -> 23.432748 | C7: 回/h
A8: ★換気停止時に管理濃度に達する時間 | B8: =01_入力!$B$44*((01_入力!$B$45-01_入力!$B$46)/1000000)/(04_流量切替!$B$6*$B$4)/60 -> 7.6815576 | C8: min | D8: ★安全論拠として最も重要な数字。CO2 モニタと給気インターロックを必須とする根拠
A9: STEL 30000 ppm に達する時間 | B9: =01_入力!$B$44*((30000-01_入力!$B$46)/1000000)/(04_流量切替!$B$6*$B$4)/60 -> 49.611457 | C9: min
A10: IDLH 40000 ppm に達する時間 | B10: =01_入力!$B$44*((40000-01_入力!$B$46)/1000000)/(04_流量切替!$B$6*$B$4)/60 -> 66.383417 | C10: min
A12: 曝露限界: ACGIH TLV-TWA 5000 ppm / STEL 30000 ppm、OSHA PEL 5000 ppm（29 CFR 1910.1000 Table Z-1）、NIOSH IDLH 40000 ppm。
A13: CGA G-6.14 (2023): 5000 ppm で常時有人場所に可聴＋可視の監視警報、30000 ppm で室内に可聴＋可視警報。
A14: EIGA Doc 44: 酸素濃度計では代用できない（CO2 は酸素が十分でも危険）。NDIR の CO2 直読モニタを低所に設置すること。
A15: CO2 は空気の約1.5倍重い。天井排気は設計ミス。排気は最下部から、給気を上部から入れる。
A16: 供給電磁弁を換気プルーフと CO2 警報にインターロックすること。

Sheet 09_感度解析
A1: 感度解析 / Sensitivity analysis | H1: =22064000*EXP(647.096/(01_入力!$B$7+273.15)*(-7.85951783*(1-(01_入力!$B$7+273.15)/647.096)+1.84408259*(1-(01_入力!$B$7+273.15)/647.096)^1.5-11.7866497*(1-(01_入力!$B$7+273.15)/647.096)^3+22.6807411*(1-(01_入力!$B$7+273.15)/647.096)^3.5-15.9618719*(1-(01_入力!$B$7+273.15)/647.096)^4+1.80122502*(1-(01_入力!$B$7+273.15)/647.096)^7.5)) -> 2339.1937
A2: 保存量 x_v を固定し、RH = x_v·p /(f(T,p)·p_sat(T)) を評価。f は1回反復（誤差 3e−5）で評価。 | H2: p_sat(T_out) — 下の表で参照する共通値
A4: A. 出力段温度に対する感度 / Sensitivity to delivery temperature
A5: T_out [°C] | B5: p_sat [Pa] | C5: k_H [Pa] | D5: f [-] | E5: RH [%] | F5: 目標からの差 [%RH] | G5: 露点余裕 [K]
A6: 18 | B6: =22064000*EXP(647.096/($A$6+273.15)*(-7.85951783*(1-($A$6+273.15)/647.096)+1.84408259*(1-($A$6+273.15)/647.096)^1.5-11.7866497*(1-($A$6+273.15)/647.096)^3+22.6807411*(1-($A$6+273.15)/647.096)^3.5-15.9618719*(1-($A$6+273.15)/647.096)^4+1.80122502*(1-($A$6+273.15)/647.096)^7.5)) -> 2064.6109 | C6: =($B$6)*EXP(-8.55445/(($A$6+273.15)/647.096)+4.01195*(1-(($A$6+273.15)/647.096))^0.355/(($A$6+273.15)/647.096)+9.52345*(($A$6+273.15)/647.096)^(-0.41)*EXP(1-(($A$6+273.15)/647.096))) -> 1.3694486e+08 | D6: =IF(01_入力!$B$39=1,EXP(((0.000001*(19202.081-20032490/($A$6+273.15)+7075968700/($A$6+273.15)^2-870743060000/($A$6+273.15)^3))*($B$6)/(8.31446261815324*($A$6+273.15))+(0.018015268/((999.83952+16.945176*(($A$6+273.15)-273.15)-0.0079870401*(($A$6+273.15)-273.15)^2-0.000046170461*(($A$6+273.15)-273.15)^3+0.00000010556302*(($A$6+273.15)-273.15)^4-0.00000000028054253*(($A$6+273.15)-273.15)^5)/(1+0.01687985*(($A$6+273.15)-273.15))))*(((01_入力!$B$9*1000))-($B$6))/(8.31446261815324*($A$6+273.15))-((0.000001*(19202.081-20032490/($A$6+273.15)+7075968700/($A$6+273.15)^2-870743060000/($A$6+273.15)^3))*(2*(($B$6)/((01_入力!$B$9*1000)))-(($B$6)/((01_入力!$B$9*1000)))^2)+(2*(((0.000001*(-236.26407+204871.53/($A$6+273.15)-59999434/($A$6+273.15)^2))+01_入力!$B$38/1000000))-(0.000001*(75.188632-565.620467/(($A$6+273.15)/100)+601.464888/(($A$6+273.15)/100)^2-2018.286032/(($A$6+273.15)/100)^3)))*(1-(($B$6)/((01_入力!$B$9*1000))))^2)*((01_入力!$B$9*1000))/(8.31446261815324*($A$6+273.15))+LN(1-(((01_入力!$B$9*1000))-($B$6))/($C$6)))),1) -> 1.018359 | E6: =100*03_湿度状態点!$F$36*(01_入力!$B$9*1000)/($D$6*$B$6) -> 79.279362 | F6: =$E$6-100*01_入力!$B$8 -> 9.2793616 | G6: =$A$6-03_湿度状態点!$F$44 -> 3.6322857
A7: 18.25 | B7: =22064000*EXP(647.096/($A$7+273.15)*(-7.85951783*(1-($A$7+273.15)/647.096)+1.84408259*(1-($A$7+273.15)/647.096)^1.5-11.7866497*(1-($A$7+273.15)/647.096)^3+22.6807411*(1-($A$7+273.15)/647.096)^3.5-15.9618719*(1-($A$7+273.15)/647.096)^4+1.80122502*(1-($A$7+273.15)/647.096)^7.5)) -> 2097.311 | C7: =($B$7)*EXP(-8.55445/(($A$7+273.15)/647.096)+4.01195*(1-(($A$7+273.15)/647.096))^0.355/(($A$7+273.15)/647.096)+9.52345*(($A$7+273.15)/647.096)^(-0.41)*EXP(1-(($A$7+273.15)/647.096))) -> 1.3792607e+08 | D7: =IF(01_入力!$B$39=1,EXP(((0.000001*(19202.081-20032490/($A$7+273.15)+7075968700/($A$7+273.15)^2-870743060000/($A$7+273.15)^3))*($B$7)/(8.31446261815324*($A$7+273.15))+(0.018015268/((999.83952+16.945176*(($A$7+273.15)-273.15)-0.0079870401*(($A$7+273.15)-273.15)^2-0.000046170461*(($A$7+273.15)-273.15)^3+0.00000010556302*(($A$7+273.15)-273.15)^4-0.00000000028054253*(($A$7+273.15)-273.15)^5)/(1+0.01687985*(($A$7+273.15)-273.15))))*(((01_入力!$B$9*1000))-($B$7))/(8.31446261815324*($A$7+273.15))-((0.000001*(19202.081-20032490/($A$7+273.15)+7075968700/($A$7+273.15)^2-870743060000/($A$7+273.15)^3))*(2*(($B$7)/((01_入力!$B$9*1000)))-(($B$7)/((01_入力!$B$9*1000)))^2)+(2*(((0.000001*(-236.26407+204871.53/($A$7+273.15)-59999434/($A$7+273.15)^2))+01_入力!$B$38/1000000))-(0.000001*(75.188632-565.620467/(($A$7+273.15)/100)+601.464888/(($A$7+273.15)/100)^2-2018.286032/(($A$7+273.15)/100)^3)))*(1-(($B$7)/((01_入力!$B$9*1000))))^2)*((01_入力!$B$9*1000))/(8.31446261815324*($A$7+273.15))+LN(1-(((01_入力!$B$9*1000))-($B$7))/($C$7)))),1) -> 1.0183047 | E7: =100*03_湿度状態点!$F$36*(01_入力!$B$9*1000)/($D$7*$B$7) -> 78.047449 | F7: =$E$7-100*01_入力!$B$8 -> 8.0474485 | G7: =$A$7-03_湿度状態点!$F$44 -> 3.8822857
A8: 18.5 | B8: =22064000*EXP(647.096/($A$8+273.15)*(-7.85951783*(1-($A$8+273.15)/647.096)+1.84408259*(1-($A$8+273.15)/647.096)^1.5-11.7866497*(1-($A$8+273.15)/647.096)^3+22.6807411*(1-($A$8+273.15)/647.096)^3.5-15.9618719*(1-($A$8+273.15)/647.096)^4+1.80122502*(1-($A$8+273.15)/647.096)^7.5)) -> 2130.4639 | C8: =($B$8)*EXP(-8.55445/(($A$8+273.15)/647.096)+4.01195*(1-(($A$8+273.15)/647.096))^0.355/(($A$8+273.15)/647.096)+9.52345*(($A$8+273.15)/647.096)^(-0.41)*EXP(1-(($A$8+273.15)/647.096))) -> 1.3891068e+08 | D8: =IF(01_入力!$B$39=1,EXP(((0.000001*(19202.081-20032490/($A$8+273.15)+7075968700/($A$8+273.15)^2-870743060000/($A$8+273.15)^3))*($B$8)/(8.31446261815324*($A$8+273.15))+(0.018015268/((999.83952+16.945176*(($A$8+273.15)-273.15)-0.0079870401*(($A$8+273.15)-273.15)^2-0.000046170461*(($A$8+273.15)-273.15)^3+0.00000010556302*(($A$8+273.15)-273.15)^4-0.00000000028054253*(($A$8+273.15)-273.15)^5)/(1+0.01687985*(($A$8+273.15)-273.15))))*(((01_入力!$B$9*1000))-($B$8))/(8.31446261815324*($A$8+273.15))-((0.000001*(19202.081-20032490/($A$8+273.15)+7075968700/($A$8+273.15)^2-870743060000/($A$8+273.15)^3))*(2*(($B$8)/((01_入力!$B$9*1000)))-(($B$8)/((01_入力!$B$9*1000)))^2)+(2*(((0.000001*(-236.26407+204871.53/($A$8+273.15)-59999434/($A$8+273.15)^2))+01_入力!$B$38/1000000))-(0.000001*(75.188632-565.620467/(($A$8+273.15)/100)+601.464888/(($A$8+273.15)/100)^2-2018.286032/(($A$8+273.15)/100)^3)))*(1-(($B$8)/((01_入力!$B$9*1000))))^2)*((01_入力!$B$9*1000))/(8.31446261815324*($A$8+273.15))+LN(1-(((01_入力!$B$9*1000))-($B$8))/($C$8)))),1) -> 1.0182506 | E8: =100*03_湿度状態点!$F$36*(01_入力!$B$9*1000)/($D$8*$B$8) -> 76.837003 | F8: =$E$8-100*01_入力!$B$8 -> 6.8370032 | G8: =$A$8-03_湿度状態点!$F$44 -> 4.1322857
A9: 18.75 | B9: =22064000*EXP(647.096/($A$9+273.15)*(-7.85951783*(1-($A$9+273.15)/647.096)+1.84408259*(1-($A$9+273.15)/647.096)^1.5-11.7866497*(1-($A$9+273.15)/647.096)^3+22.6807411*(1-($A$9+273.15)/647.096)^3.5-15.9618719*(1-($A$9+273.15)/647.096)^4+1.80122502*(1-($A$9+273.15)/647.096)^7.5)) -> 2164.0751 | C9: =($B$9)*EXP(-8.55445/(($A$9+273.15)/647.096)+4.01195*(1-(($A$9+273.15)/647.096))^0.355/(($A$9+273.15)/647.096)+9.52345*(($A$9+273.15)/647.096)^(-0.41)*EXP(1-(($A$9+273.15)/647.096))) -> 1.3989866e+08 | D9: =IF(01_入力!$B$39=1,EXP(((0.000001*(19202.081-20032490/($A$9+273.15)+7075968700/($A$9+273.15)^2-870743060000/($A$9+273.15)^3))*($B$9)/(8.31446261815324*($A$9+273.15))+(0.018015268/((999.83952+16.945176*(($A$9+273.15)-273.15)-0.0079870401*(($A$9+273.15)-273.15)^2-0.000046170461*(($A$9+273.15)-273.15)^3+0.00000010556302*(($A$9+273.15)-273.15)^4-0.00000000028054253*(($A$9+273.15)-273.15)^5)/(1+0.01687985*(($A$9+273.15)-273.15))))*(((01_入力!$B$9*1000))-($B$9))/(8.31446261815324*($A$9+273.15))-((0.000001*(19202.081-20032490/($A$9+273.15)+7075968700/($A$9+273.15)^2-870743060000/($A$9+273.15)^3))*(2*(($B$9)/((01_入力!$B$9*1000)))-(($B$9)/((01_入力!$B$9*1000)))^2)+(2*(((0.000001*(-236.26407+204871.53/($A$9+273.15)-59999434/($A$9+273.15)^2))+01_入力!$B$38/1000000))-(0.000001*(75.188632-565.620467/(($A$9+273.15)/100)+601.464888/(($A$9+273.15)/100)^2-2018.286032/(($A$9+273.15)/100)^3)))*(1-(($B$9)/((01_入力!$B$9*1000))))^2)*((01_入力!$B$9*1000))/(8.31446261815324*($A$9+273.15))+LN(1-(((01_入力!$B$9*1000))-($B$9))/($C$9)))),1) -> 1.0181968 | E9: =100*03_湿度状態点!$F$36*(01_入力!$B$9*1000)/($D$9*$B$9) -> 75.647614 | F9: =$E$9-100*01_入力!$B$8 -> 5.6476137 | G9: =$A$9-03_湿度状態点!$F$44 -> 4.3822857
A10: 19 | B10: =22064000*EXP(647.096/($A$10+273.15)*(-7.85951783*(1-($A$10+273.15)/647.096)+1.84408259*(1-($A$10+273.15)/647.096)^1.5-11.7866497*(1-($A$10+273.15)/647.096)^3+22.6807411*(1-($A$10+273.15)/647.096)^3.5-15.9618719*(1-($A$10+273.15)/647.096)^4+1.80122502*(1-($A$10+273.15)/647.096)^7.5)) -> 2198.1499 | C10: =($B$10)*EXP(-8.55445/(($A$10+273.15)/647.096)+4.01195*(1-(($A$10+273.15)/647.096))^0.355/(($A$10+273.15)/647.096)+9.52345*(($A$10+273.15)/647.096)^(-0.41)*EXP(1-(($A$10+273.15)/647.096))) -> 1.4089e+08 | D10: =IF(01_入力!$B$39=1,EXP(((0.000001*(19202.081-20032490/($A$10+273.15)+7075968700/($A$10+273.15)^2-870743060000/($A$10+273.15)^3))*($B$10)/(8.31446261815324*($A$10+273.15))+(0.018015268/((999.83952+16.945176*(($A$10+273.15)-273.15)-0.0079870401*(($A$10+273.15)-273.15)^2-0.000046170461*(($A$10+273.15)-273.15)^3+0.00000010556302*(($A$10+273.15)-273.15)^4-0.00000000028054253*(($A$10+273.15)-273.15)^5)/(1+0.01687985*(($A$10+273.15)-273.15))))*(((01_入力!$B$9*1000))-($B$10))/(8.31446261815324*($A$10+273.15))-((0.000001*(19202.081-20032490/($A$10+273.15)+7075968700/($A$10+273.15)^2-870743060000/($A$10+273.15)^3))*(2*(($B$10)/((01_入力!$B$9*1000)))-(($B$10)/((01_入力!$B$9*1000)))^2)+(2*(((0.000001*(-236.26407+204871.53/($A$10+273.15)-59999434/($A$10+273.15)^2))+01_入力!$B$38/1000000))-(0.000001*(75.188632-565.620467/(($A$10+273.15)/100)+601.464888/(($A$10+273.15)/100)^2-2018.286032/(($A$10+273.15)/100)^3)))*(1-(($B$10)/((01_入力!$B$9*1000))))^2)*((01_入力!$B$9*1000))/(8.31446261815324*($A$10+273.15))+LN(1-(((01_入力!$B$9*1000))-($B$10))/($C$10)))),1) -> 1.0181432 | E10: =100*03_湿度状態点!$F$36*(01_入力!$B$9*1000)/($D$10*$B$10) -> 74.478877 | F10: =$E$10-100*01_入力!$B$8 -> 4.478877 | G10: =$A$10-03_湿度状態点!$F$44 -> 4.6322857
A11: 19.25 | B11: =22064000*EXP(647.096/($A$11+273.15)*(-7.85951783*(1-($A$11+273.15)/647.096)+1.84408259*(1-($A$11+273.15)/647.096)^1.5-11.7866497*(1-($A$11+273.15)/647.096)^3+22.6807411*(1-($A$11+273.15)/647.096)^3.5-15.9618719*(1-($A$11+273.15)/647.096)^4+1.80122502*(1-($A$11+273.15)/647.096)^7.5)) -> 2232.6937 | C11: =($B$11)*EXP(-8.55445/(($A$11+273.15)/647.096)+4.01195*(1-(($A$11+273.15)/647.096))^0.355/(($A$11+273.15)/647.096)+9.52345*(($A$11+273.15)/647.096)^(-0.41)*EXP(1-(($A$11+273.15)/647.096))) -> 1.4188467e+08 | D11: =IF(01_入力!$B$39=1,EXP(((0.000001*(19202.081-20032490/($A$11+273.15)+7075968700/($A$11+273.15)^2-870743060000/($A$11+273.15)^3))*($B$11)/(8.31446261815324*($A$11+273.15))+(0.018015268/((999.83952+16.945176*(($A$11+273.15)-273.15)-0.0079870401*(($A$11+273.15)-273.15)^2-0.000046170461*(($A$11+273.15)-273.15)^3+0.00000010556302*(($A$11+273.15)-273.15)^4-0.00000000028054253*(($A$11+273.15)-273.15)^5)/(1+0.01687985*(($A$11+273.15)-273.15))))*(((01_入力!$B$9*1000))-($B$11))/(8.31446261815324*($A$11+273.15))-((0.000001*(19202.081-20032490/($A$11+273.15)+7075968700/($A$11+273.15)^2-870743060000/($A$11+273.15)^3))*(2*(($B$11)/((01_入力!$B$9*1000)))-(($B$11)/((01_入力!$B$9*1000)))^2)+(2*(((0.000001*(-236.26407+204871.53/($A$11+273.15)-59999434/($A$11+273.15)^2))+01_入力!$B$38/1000000))-(0.000001*(75.188632-565.620467/(($A$11+273.15)/100)+601.464888/(($A$11+273.15)/100)^2-2018.286032/(($A$11+273.15)/100)^3)))*(1-(($B$11)/((01_入力!$B$9*1000))))^2)*((01_入力!$B$9*1000))/(8.31446261815324*($A$11+273.15))+LN(1-(((01_入力!$B$9*1000))-($B$11))/($C$11)))),1) -> 1.0180898 | E11: =100*03_湿度状態点!$F$36*(01_入力!$B$9*1000)/($D$11*$B$11) -> 73.330398 | F11: =$E$11-100*01_入力!$B$8 -> 3.3303982 | G11: =$A$11-03_湿度状態点!$F$44 -> 4.8822857
A12: 19.5 | B12: =22064000*EXP(647.096/($A$12+273.15)*(-7.85951783*(1-($A$12+273.15)/647.096)+1.84408259*(1-($A$12+273.15)/647.096)^1.5-11.7866497*(1-($A$12+273.15)/647.096)^3+22.6807411*(1-($A$12+273.15)/647.096)^3.5-15.9618719*(1-($A$12+273.15)/647.096)^4+1.80122502*(1-($A$12+273.15)/647.096)^7.5)) -> 2267.7119 | C12: =($B$12)*EXP(-8.55445/(($A$12+273.15)/647.096)+4.01195*(1-(($A$12+273.15)/647.096))^0.355/(($A$12+273.15)/647.096)+9.52345*(($A$12+273.15)/647.096)^(-0.41)*EXP(1-(($A$12+273.15)/647.096))) -> 1.4288268e+08 | D12: =IF(01_入力!$B$39=1,EXP(((0.000001*(19202.081-20032490/($A$12+273.15)+7075968700/($A$12+273.15)^2-870743060000/($A$12+273.15)^3))*($B$12)/(8.31446261815324*($A$12+273.15))+(0.018015268/((999.83952+16.945176*(($A$12+273.15)-273.15)-0.0079870401*(($A$12+273.15)-273.15)^2-0.000046170461*(($A$12+273.15)-273.15)^3+0.00000010556302*(($A$12+273.15)-273.15)^4-0.00000000028054253*(($A$12+273.15)-273.15)^5)/(1+0.01687985*(($A$12+273.15)-273.15))))*(((01_入力!$B$9*1000))-($B$12))/(8.31446261815324*($A$12+273.15))-((0.000001*(19202.081-20032490/($A$12+273.15)+7075968700/($A$12+273.15)^2-870743060000/($A$12+273.15)^3))*(2*(($B$12)/((01_入力!$B$9*1000)))-(($B$12)/((01_入力!$B$9*1000)))^2)+(2*(((0.000001*(-236.26407+204871.53/($A$12+273.15)-59999434/($A$12+273.15)^2))+01_入力!$B$38/1000000))-(0.000001*(75.188632-565.620467/(($A$12+273.15)/100)+601.464888/(($A$12+273.15)/100)^2-2018.286032/(($A$12+273.15)/100)^3)))*(1-(($B$12)/((01_入力!$B$9*1000))))^2)*((01_入力!$B$9*1000))/(8.31446261815324*($A$12+273.15))+LN(1-(((01_入力!$B$9*1000))-($B$12))/($C$12)))),1) -> 1.0180367 | E12: =100*03_湿度状態点!$F$36*(01_入力!$B$9*1000)/($D$12*$B$12) -> 72.201791 | F12: =$E$12-100*01_入力!$B$8 -> 2.2017907 | G12: =$A$12-03_湿度状態点!$F$44 -> 5.1322857
A13: 19.75 | B13: =22064000*EXP(647.096/($A$13+273.15)*(-7.85951783*(1-($A$13+273.15)/647.096)+1.84408259*(1-($A$13+273.15)/647.096)^1.5-11.7866497*(1-($A$13+273.15)/647.096)^3+22.6807411*(1-($A$13+273.15)/647.096)^3.5-15.9618719*(1-($A$13+273.15)/647.096)^4+1.80122502*(1-($A$13+273.15)/647.096)^7.5)) -> 2303.2101 | C13: =($B$13)*EXP(-8.55445/(($A$13+273.15)/647.096)+4.01195*(1-(($A$13+273.15)/647.096))^0.355/(($A$13+273.15)/647.096)+9.52345*(($A$13+273.15)/647.096)^(-0.41)*EXP(1-(($A$13+273.15)/647.096))) -> 1.4388399e+08 | D13: =IF(01_入力!$B$39=1,EXP(((0.000001*(19202.081-20032490/($A$13+273.15)+7075968700/($A$13+273.15)^2-870743060000/($A$13+273.15)^3))*($B$13)/(8.31446261815324*($A$13+273.15))+(0.018015268/((999.83952+16.945176*(($A$13+273.15)-273.15)-0.0079870401*(($A$13+273.15)-273.15)^2-0.000046170461*(($A$13+273.15)-273.15)^3+0.00000010556302*(($A$13+273.15)-273.15)^4-0.00000000028054253*(($A$13+273.15)-273.15)^5)/(1+0.01687985*(($A$13+273.15)-273.15))))*(((01_入力!$B$9*1000))-($B$13))/(8.31446261815324*($A$13+273.15))-((0.000001*(19202.081-20032490/($A$13+273.15)+7075968700/($A$13+273.15)^2-870743060000/($A$13+273.15)^3))*(2*(($B$13)/((01_入力!$B$9*1000)))-(($B$13)/((01_入力!$B$9*1000)))^2)+(2*(((0.000001*(-236.26407+204871.53/($A$13+273.15)-59999434/($A$13+273.15)^2))+01_入力!$B$38/1000000))-(0.000001*(75.188632-565.620467/(($A$13+273.15)/100)+601.464888/(($A$13+273.15)/100)^2-2018.286032/(($A$13+273.15)/100)^3)))*(1-(($B$13)/((01_入力!$B$9*1000))))^2)*((01_入力!$B$9*1000))/(8.31446261815324*($A$13+273.15))+LN(1-(((01_入力!$B$9*1000))-($B$13))/($C$13)))),1) -> 1.0179838 | E13: =100*03_湿度状態点!$F$36*(01_入力!$B$9*1000)/($D$13*$B$13) -> 71.092676 | F13: =$E$13-100*01_入力!$B$8 -> 1.0926758 | G13: =$A$13-03_湿度状態点!$F$44 -> 5.3822857
A14: 20 | B14: =22064000*EXP(647.096/($A$14+273.15)*(-7.85951783*(1-($A$14+273.15)/647.096)+1.84408259*(1-($A$14+273.15)/647.096)^1.5-11.7866497*(1-($A$14+273.15)/647.096)^3+22.6807411*(1-($A$14+273.15)/647.096)^3.5-15.9618719*(1-($A$14+273.15)/647.096)^4+1.80122502*(1-($A$14+273.15)/647.096)^7.5)) -> 2339.1937 | C14: =($B$14)*EXP(-8.55445/(($A$14+273.15)/647.096)+4.01195*(1-(($A$14+273.15)/647.096))^0.355/(($A$14+273.15)/647.096)+9.52345*(($A$14+273.15)/647.096)^(-0.41)*EXP(1-(($A$14+273.15)/647.096))) -> 1.4488859e+08 | D14: =IF(01_入力!$B$39=1,EXP(((0.000001*(19202.081-20032490/($A$14+273.15)+7075968700/($A$14+273.15)^2-870743060000/($A$14+273.15)^3))*($B$14)/(8.31446261815324*($A$14+273.15))+(0.018015268/((999.83952+16.945176*(($A$14+273.15)-273.15)-0.0079870401*(($A$14+273.15)-273.15)^2-0.000046170461*(($A$14+273.15)-273.15)^3+0.00000010556302*(($A$14+273.15)-273.15)^4-0.00000000028054253*(($A$14+273.15)-273.15)^5)/(1+0.01687985*(($A$14+273.15)-273.15))))*(((01_入力!$B$9*1000))-($B$14))/(8.31446261815324*($A$14+273.15))-((0.000001*(19202.081-20032490/($A$14+273.15)+7075968700/($A$14+273.15)^2-870743060000/($A$14+273.15)^3))*(2*(($B$14)/((01_入力!$B$9*1000)))-(($B$14)/((01_入力!$B$9*1000)))^2)+(2*(((0.000001*(-236.26407+204871.53/($A$14+273.15)-59999434/($A$14+273.15)^2))+01_入力!$B$38/1000000))-(0.000001*(75.188632-565.620467/(($A$14+273.15)/100)+601.464888/(($A$14+273.15)/100)^2-2018.286032/(($A$14+273.15)/100)^3)))*(1-(($B$14)/((01_入力!$B$9*1000))))^2)*((01_入力!$B$9*1000))/(8.31446261815324*($A$14+273.15))+LN(1-(((01_入力!$B$9*1000))-($B$14))/($C$14)))),1) -> 1.0179311 | E14: =100*03_湿度状態点!$F$36*(01_入力!$B$9*1000)/($D$14*$B$14) -> 70.002683 | F14: =$E$14-100*01_入力!$B$8 -> 0.0026827652 | G14: =$A$14-03_湿度状態点!$F$44 -> 5.6322857
A15: 20.25 | B15: =22064000*EXP(647.096/($A$15+273.15)*(-7.85951783*(1-($A$15+273.15)/647.096)+1.84408259*(1-($A$15+273.15)/647.096)^1.5-11.7866497*(1-($A$15+273.15)/647.096)^3+22.6807411*(1-($A$15+273.15)/647.096)^3.5-15.9618719*(1-($A$15+273.15)/647.096)^4+1.80122502*(1-($A$15+273.15)/647.096)^7.5)) -> 2375.6685 | C15: =($B$15)*EXP(-8.55445/(($A$15+273.15)/647.096)+4.01195*(1-(($A$15+273.15)/647.096))^0.355/(($A$15+273.15)/647.096)+9.52345*(($A$15+273.15)/647.096)^(-0.41)*EXP(1-(($A$15+273.15)/647.096))) -> 1.4589647e+08 | D15: =IF(01_入力!$B$39=1,EXP(((0.000001*(19202.081-20032490/($A$15+273.15)+7075968700/($A$15+273.15)^2-870743060000/($A$15+273.15)^3))*($B$15)/(8.31446261815324*($A$15+273.15))+(0.018015268/((999.83952+16.945176*(($A$15+273.15)-273.15)-0.0079870401*(($A$15+273.15)-273.15)^2-0.000046170461*(($A$15+273.15)-273.15)^3+0.00000010556302*(($A$15+273.15)-273.15)^4-0.00000000028054253*(($A$15+273.15)-273.15)^5)/(1+0.01687985*(($A$15+273.15)-273.15))))*(((01_入力!$B$9*1000))-($B$15))/(8.31446261815324*($A$15+273.15))-((0.000001*(19202.081-20032490/($A$15+273.15)+7075968700/($A$15+273.15)^2-870743060000/($A$15+273.15)^3))*(2*(($B$15)/((01_入力!$B$9*1000)))-(($B$15)/((01_入力!$B$9*1000)))^2)+(2*(((0.000001*(-236.26407+204871.53/($A$15+273.15)-59999434/($A$15+273.15)^2))+01_入力!$B$38/1000000))-(0.000001*(75.188632-565.620467/(($A$15+273.15)/100)+601.464888/(($A$15+273.15)/100)^2-2018.286032/(($A$15+273.15)/100)^3)))*(1-(($B$15)/((01_入力!$B$9*1000))))^2)*((01_入力!$B$9*1000))/(8.31446261815324*($A$15+273.15))+LN(1-(((01_入力!$B$9*1000))-($B$15))/($C$15)))),1) -> 1.0178787 | E15: =100*03_湿度状態点!$F$36*(01_入力!$B$9*1000)/($D$15*$B$15) -> 68.931449 | F15: =$E$15-100*01_入力!$B$8 -> -1.0685514 | G15: =$A$15-03_湿度状態点!$F$44 -> 5.8822857
A16: 20.5 | B16: =22064000*EXP(647.096/($A$16+273.15)*(-7.85951783*(1-($A$16+273.15)/647.096)+1.84408259*(1-($A$16+273.15)/647.096)^1.5-11.7866497*(1-($A$16+273.15)/647.096)^3+22.6807411*(1-($A$16+273.15)/647.096)^3.5-15.9618719*(1-($A$16+273.15)/647.096)^4+1.80122502*(1-($A$16+273.15)/647.096)^7.5)) -> 2412.6399 | C16: =($B$16)*EXP(-8.55445/(($A$16+273.15)/647.096)+4.01195*(1-(($A$16+273.15)/647.096))^0.355/(($A$16+273.15)/647.096)+9.52345*(($A$16+273.15)/647.096)^(-0.41)*EXP(1-(($A$16+273.15)/647.096))) -> 1.469076e+08 | D16: =IF(01_入力!$B$39=1,EXP(((0.000001*(19202.081-20032490/($A$16+273.15)+7075968700/($A$16+273.15)^2-870743060000/($A$16+273.15)^3))*($B$16)/(8.31446261815324*($A$16+273.15))+(0.018015268/((999.83952+16.945176*(($A$16+273.15)-273.15)-0.0079870401*(($A$16+273.15)-273.15)^2-0.000046170461*(($A$16+273.15)-273.15)^3+0.00000010556302*(($A$16+273.15)-273.15)^4-0.00000000028054253*(($A$16+273.15)-273.15)^5)/(1+0.01687985*(($A$16+273.15)-273.15))))*(((01_入力!$B$9*1000))-($B$16))/(8.31446261815324*($A$16+273.15))-((0.000001*(19202.081-20032490/($A$16+273.15)+7075968700/($A$16+273.15)^2-870743060000/($A$16+273.15)^3))*(2*(($B$16)/((01_入力!$B$9*1000)))-(($B$16)/((01_入力!$B$9*1000)))^2)+(2*(((0.000001*(-236.26407+204871.53/($A$16+273.15)-59999434/($A$16+273.15)^2))+01_入力!$B$38/1000000))-(0.000001*(75.188632-565.620467/(($A$16+273.15)/100)+601.464888/(($A$16+273.15)/100)^2-2018.286032/(($A$16+273.15)/100)^3)))*(1-(($B$16)/((01_入力!$B$9*1000))))^2)*((01_入力!$B$9*1000))/(8.31446261815324*($A$16+273.15))+LN(1-(((01_入力!$B$9*1000))-($B$16))/($C$16)))),1) -> 1.0178266 | E16: =100*03_湿度状態点!$F$36*(01_入力!$B$9*1000)/($D$16*$B$16) -> 67.878618 | F16: =$E$16-100*01_入力!$B$8 -> -2.1213824 | G16: =$A$16-03_湿度状態点!$F$44 -> 6.1322857
A17: 20.75 | B17: =22064000*EXP(647.096/($A$17+273.15)*(-7.85951783*(1-($A$17+273.15)/647.096)+1.84408259*(1-($A$17+273.15)/647.096)^1.5-11.7866497*(1-($A$17+273.15)/647.096)^3+22.6807411*(1-($A$17+273.15)/647.096)^3.5-15.9618719*(1-($A$17+273.15)/647.096)^4+1.80122502*(1-($A$17+273.15)/647.096)^7.5)) -> 2450.1138 | C17: =($B$17)*EXP(-8.55445/(($A$17+273.15)/647.096)+4.01195*(1-(($A$17+273.15)/647.096))^0.355/(($A$17+273.15)/647.096)+9.52345*(($A$17+273.15)/647.096)^(-0.41)*EXP(1-(($A$17+273.15)/647.096))) -> 1.4792198e+08 | D17: =IF(01_入力!$B$39=1,EXP(((0.000001*(19202.081-20032490/($A$17+273.15)+7075968700/($A$17+273.15)^2-870743060000/($A$17+273.15)^3))*($B$17)/(8.31446261815324*($A$17+273.15))+(0.018015268/((999.83952+16.945176*(($A$17+273.15)-273.15)-0.0079870401*(($A$17+273.15)-273.15)^2-0.000046170461*(($A$17+273.15)-273.15)^3+0.00000010556302*(($A$17+273.15)-273.15)^4-0.00000000028054253*(($A$17+273.15)-273.15)^5)/(1+0.01687985*(($A$17+273.15)-273.15))))*(((01_入力!$B$9*1000))-($B$17))/(8.31446261815324*($A$17+273.15))-((0.000001*(19202.081-20032490/($A$17+273.15)+7075968700/($A$17+273.15)^2-870743060000/($A$17+273.15)^3))*(2*(($B$17)/((01_入力!$B$9*1000)))-(($B$17)/((01_入力!$B$9*1000)))^2)+(2*(((0.000001*(-236.26407+204871.53/($A$17+273.15)-59999434/($A$17+273.15)^2))+01_入力!$B$38/1000000))-(0.000001*(75.188632-565.620467/(($A$17+273.15)/100)+601.464888/(($A$17+273.15)/100)^2-2018.286032/(($A$17+273.15)/100)^3)))*(1-(($B$17)/((01_入力!$B$9*1000))))^2)*((01_入力!$B$9*1000))/(8.31446261815324*($A$17+273.15))+LN(1-(((01_入力!$B$9*1000))-($B$17))/($C$17)))),1) -> 1.0177746 | E17: =100*03_湿度状態点!$F$36*(01_入力!$B$9*1000)/($D$17*$B$17) -> 66.843842 | F17: =$E$17-100*01_入力!$B$8 -> -3.1561584 | G17: =$A$17-03_湿度状態点!$F$44 -> 6.3822857
A18: 21 | B18: =22064000*EXP(647.096/($A$18+273.15)*(-7.85951783*(1-($A$18+273.15)/647.096)+1.84408259*(1-($A$18+273.15)/647.096)^1.5-11.7866497*(1-($A$18+273.15)/647.096)^3+22.6807411*(1-($A$18+273.15)/647.096)^3.5-15.9618719*(1-($A$18+273.15)/647.096)^4+1.80122502*(1-($A$18+273.15)/647.096)^7.5)) -> 2488.0959 | C18: =($B$18)*EXP(-8.55445/(($A$18+273.15)/647.096)+4.01195*(1-(($A$18+273.15)/647.096))^0.355/(($A$18+273.15)/647.096)+9.52345*(($A$18+273.15)/647.096)^(-0.41)*EXP(1-(($A$18+273.15)/647.096))) -> 1.4893957e+08 | D18: =IF(01_入力!$B$39=1,EXP(((0.000001*(19202.081-20032490/($A$18+273.15)+7075968700/($A$18+273.15)^2-870743060000/($A$18+273.15)^3))*($B$18)/(8.31446261815324*($A$18+273.15))+(0.018015268/((999.83952+16.945176*(($A$18+273.15)-273.15)-0.0079870401*(($A$18+273.15)-273.15)^2-0.000046170461*(($A$18+273.15)-273.15)^3+0.00000010556302*(($A$18+273.15)-273.15)^4-0.00000000028054253*(($A$18+273.15)-273.15)^5)/(1+0.01687985*(($A$18+273.15)-273.15))))*(((01_入力!$B$9*1000))-($B$18))/(8.31446261815324*($A$18+273.15))-((0.000001*(19202.081-20032490/($A$18+273.15)+7075968700/($A$18+273.15)^2-870743060000/($A$18+273.15)^3))*(2*(($B$18)/((01_入力!$B$9*1000)))-(($B$18)/((01_入力!$B$9*1000)))^2)+(2*(((0.000001*(-236.26407+204871.53/($A$18+273.15)-59999434/($A$18+273.15)^2))+01_入力!$B$38/1000000))-(0.000001*(75.188632-565.620467/(($A$18+273.15)/100)+601.464888/(($A$18+273.15)/100)^2-2018.286032/(($A$18+273.15)/100)^3)))*(1-(($B$18)/((01_入力!$B$9*1000))))^2)*((01_入力!$B$9*1000))/(8.31446261815324*($A$18+273.15))+LN(1-(((01_入力!$B$9*1000))-($B$18))/($C$18)))),1) -> 1.0177229 | E18: =100*03_湿度状態点!$F$36*(01_入力!$B$9*1000)/($D$18*$B$18) -> 65.826779 | F18: =$E$18-100*01_入力!$B$8 -> -4.1732206 | G18: =$A$18-03_湿度状態点!$F$44 -> 6.6322857
A19: 21.25 | B19: =22064000*EXP(647.096/($A$19+273.15)*(-7.85951783*(1-($A$19+273.15)/647.096)+1.84408259*(1-($A$19+273.15)/647.096)^1.5-11.7866497*(1-($A$19+273.15)/647.096)^3+22.6807411*(1-($A$19+273.15)/647.096)^3.5-15.9618719*(1-($A$19+273.15)/647.096)^4+1.80122502*(1-($A$19+273.15)/647.096)^7.5)) -> 2526.592 | C19: =($B$19)*EXP(-8.55445/(($A$19+273.15)/647.096)+4.01195*(1-(($A$19+273.15)/647.096))^0.355/(($A$19+273.15)/647.096)+9.52345*(($A$19+273.15)/647.096)^(-0.41)*EXP(1-(($A$19+273.15)/647.096))) -> 1.4996038e+08 | D19: =IF(01_入力!$B$39=1,EXP(((0.000001*(19202.081-20032490/($A$19+273.15)+7075968700/($A$19+273.15)^2-870743060000/($A$19+273.15)^3))*($B$19)/(8.31446261815324*($A$19+273.15))+(0.018015268/((999.83952+16.945176*(($A$19+273.15)-273.15)-0.0079870401*(($A$19+273.15)-273.15)^2-0.000046170461*(($A$19+273.15)-273.15)^3+0.00000010556302*(($A$19+273.15)-273.15)^4-0.00000000028054253*(($A$19+273.15)-273.15)^5)/(1+0.01687985*(($A$19+273.15)-273.15))))*(((01_入力!$B$9*1000))-($B$19))/(8.31446261815324*($A$19+273.15))-((0.000001*(19202.081-20032490/($A$19+273.15)+7075968700/($A$19+273.15)^2-870743060000/($A$19+273.15)^3))*(2*(($B$19)/((01_入力!$B$9*1000)))-(($B$19)/((01_入力!$B$9*1000)))^2)+(2*(((0.000001*(-236.26407+204871.53/($A$19+273.15)-59999434/($A$19+273.15)^2))+01_入力!$B$38/1000000))-(0.000001*(75.188632-565.620467/(($A$19+273.15)/100)+601.464888/(($A$19+273.15)/100)^2-2018.286032/(($A$19+273.15)/100)^3)))*(1-(($B$19)/((01_入力!$B$9*1000))))^2)*((01_入力!$B$9*1000))/(8.31446261815324*($A$19+273.15))+LN(1-(((01_入力!$B$9*1000))-($B$19))/($C$19)))),1) -> 1.0176714 | E19: =100*03_湿度状態点!$F$36*(01_入力!$B$9*1000)/($D$19*$B$19) -> 64.827097 | F19: =$E$19-100*01_入力!$B$8 -> -5.1729031 | G19: =$A$19-03_湿度状態点!$F$44 -> 6.8822857
A20: 21.5 | B20: =22064000*EXP(647.096/($A$20+273.15)*(-7.85951783*(1-($A$20+273.15)/647.096)+1.84408259*(1-($A$20+273.15)/647.096)^1.5-11.7866497*(1-($A$20+273.15)/647.096)^3+22.6807411*(1-($A$20+273.15)/647.096)^3.5-15.9618719*(1-($A$20+273.15)/647.096)^4+1.80122502*(1-($A$20+273.15)/647.096)^7.5)) -> 2565.608 | C20: =($B$20)*EXP(-8.55445/(($A$20+273.15)/647.096)+4.01195*(1-(($A$20+273.15)/647.096))^0.355/(($A$20+273.15)/647.096)+9.52345*(($A$20+273.15)/647.096)^(-0.41)*EXP(1-(($A$20+273.15)/647.096))) -> 1.5098437e+08 | D20: =IF(01_入力!$B$39=1,EXP(((0.000001*(19202.081-20032490/($A$20+273.15)+7075968700/($A$20+273.15)^2-870743060000/($A$20+273.15)^3))*($B$20)/(8.31446261815324*($A$20+273.15))+(0.018015268/((999.83952+16.945176*(($A$20+273.15)-273.15)-0.0079870401*(($A$20+273.15)-273.15)^2-0.000046170461*(($A$20+273.15)-273.15)^3+0.00000010556302*(($A$20+273.15)-273.15)^4-0.00000000028054253*(($A$20+273.15)-273.15)^5)/(1+0.01687985*(($A$20+273.15)-273.15))))*(((01_入力!$B$9*1000))-($B$20))/(8.31446261815324*($A$20+273.15))-((0.000001*(19202.081-20032490/($A$20+273.15)+7075968700/($A$20+273.15)^2-870743060000/($A$20+273.15)^3))*(2*(($B$20)/((01_入力!$B$9*1000)))-(($B$20)/((01_入力!$B$9*1000)))^2)+(2*(((0.000001*(-236.26407+204871.53/($A$20+273.15)-59999434/($A$20+273.15)^2))+01_入力!$B$38/1000000))-(0.000001*(75.188632-565.620467/(($A$20+273.15)/100)+601.464888/(($A$20+273.15)/100)^2-2018.286032/(($A$20+273.15)/100)^3)))*(1-(($B$20)/((01_入力!$B$9*1000))))^2)*((01_入力!$B$9*1000))/(8.31446261815324*($A$20+273.15))+LN(1-(((01_入力!$B$9*1000))-($B$20))/($C$20)))),1) -> 1.0176202 | E20: =100*03_湿度状態点!$F$36*(01_入力!$B$9*1000)/($D$20*$B$20) -> 63.844467 | F20: =$E$20-100*01_入力!$B$8 -> -6.1555331 | G20: =$A$20-03_湿度状態点!$F$44 -> 7.1322857
A21: 21.75 | B21: =22064000*EXP(647.096/($A$21+273.15)*(-7.85951783*(1-($A$21+273.15)/647.096)+1.84408259*(1-($A$21+273.15)/647.096)^1.5-11.7866497*(1-($A$21+273.15)/647.096)^3+22.6807411*(1-($A$21+273.15)/647.096)^3.5-15.9618719*(1-($A$21+273.15)/647.096)^4+1.80122502*(1-($A$21+273.15)/647.096)^7.5)) -> 2605.1497 | C21: =($B$21)*EXP(-8.55445/(($A$21+273.15)/647.096)+4.01195*(1-(($A$21+273.15)/647.096))^0.355/(($A$21+273.15)/647.096)+9.52345*(($A$21+273.15)/647.096)^(-0.41)*EXP(1-(($A$21+273.15)/647.096))) -> 1.5201153e+08 | D21: =IF(01_入力!$B$39=1,EXP(((0.000001*(19202.081-20032490/($A$21+273.15)+7075968700/($A$21+273.15)^2-870743060000/($A$21+273.15)^3))*($B$21)/(8.31446261815324*($A$21+273.15))+(0.018015268/((999.83952+16.945176*(($A$21+273.15)-273.15)-0.0079870401*(($A$21+273.15)-273.15)^2-0.000046170461*(($A$21+273.15)-273.15)^3+0.00000010556302*(($A$21+273.15)-273.15)^4-0.00000000028054253*(($A$21+273.15)-273.15)^5)/(1+0.01687985*(($A$21+273.15)-273.15))))*(((01_入力!$B$9*1000))-($B$21))/(8.31446261815324*($A$21+273.15))-((0.000001*(19202.081-20032490/($A$21+273.15)+7075968700/($A$21+273.15)^2-870743060000/($A$21+273.15)^3))*(2*(($B$21)/((01_入力!$B$9*1000)))-(($B$21)/((01_入力!$B$9*1000)))^2)+(2*(((0.000001*(-236.26407+204871.53/($A$21+273.15)-59999434/($A$21+273.15)^2))+01_入力!$B$38/1000000))-(0.000001*(75.188632-565.620467/(($A$21+273.15)/100)+601.464888/(($A$21+273.15)/100)^2-2018.286032/(($A$21+273.15)/100)^3)))*(1-(($B$21)/((01_入力!$B$9*1000))))^2)*((01_入力!$B$9*1000))/(8.31446261815324*($A$21+273.15))+LN(1-(((01_入力!$B$9*1000))-($B$21))/($C$21)))),1) -> 1.0175692 | E21: =100*03_湿度状態点!$F$36*(01_入力!$B$9*1000)/($D$21*$B$21) -> 62.878569 | F21: =$E$21-100*01_入力!$B$8 -> -7.1214311 | G21: =$A$21-03_湿度状態点!$F$44 -> 7.3822857
A22: 22 | B22: =22064000*EXP(647.096/($A$22+273.15)*(-7.85951783*(1-($A$22+273.15)/647.096)+1.84408259*(1-($A$22+273.15)/647.096)^1.5-11.7866497*(1-($A$22+273.15)/647.096)^3+22.6807411*(1-($A$22+273.15)/647.096)^3.5-15.9618719*(1-($A$22+273.15)/647.096)^4+1.80122502*(1-($A$22+273.15)/647.096)^7.5)) -> 2645.2231 | C22: =($B$22)*EXP(-8.55445/(($A$22+273.15)/647.096)+4.01195*(1-(($A$22+273.15)/647.096))^0.355/(($A$22+273.15)/647.096)+9.52345*(($A$22+273.15)/647.096)^(-0.41)*EXP(1-(($A$22+273.15)/647.096))) -> 1.5304184e+08 | D22: =IF(01_入力!$B$39=1,EXP(((0.000001*(19202.081-20032490/($A$22+273.15)+7075968700/($A$22+273.15)^2-870743060000/($A$22+273.15)^3))*($B$22)/(8.31446261815324*($A$22+273.15))+(0.018015268/((999.83952+16.945176*(($A$22+273.15)-273.15)-0.0079870401*(($A$22+273.15)-273.15)^2-0.000046170461*(($A$22+273.15)-273.15)^3+0.00000010556302*(($A$22+273.15)-273.15)^4-0.00000000028054253*(($A$22+273.15)-273.15)^5)/(1+0.01687985*(($A$22+273.15)-273.15))))*(((01_入力!$B$9*1000))-($B$22))/(8.31446261815324*($A$22+273.15))-((0.000001*(19202.081-20032490/($A$22+273.15)+7075968700/($A$22+273.15)^2-870743060000/($A$22+273.15)^3))*(2*(($B$22)/((01_入力!$B$9*1000)))-(($B$22)/((01_入力!$B$9*1000)))^2)+(2*(((0.000001*(-236.26407+204871.53/($A$22+273.15)-59999434/($A$22+273.15)^2))+01_入力!$B$38/1000000))-(0.000001*(75.188632-565.620467/(($A$22+273.15)/100)+601.464888/(($A$22+273.15)/100)^2-2018.286032/(($A$22+273.15)/100)^3)))*(1-(($B$22)/((01_入力!$B$9*1000))))^2)*((01_入力!$B$9*1000))/(8.31446261815324*($A$22+273.15))+LN(1-(((01_入力!$B$9*1000))-($B$22))/($C$22)))),1) -> 1.0175184 | E22: =100*03_湿度状態点!$F$36*(01_入力!$B$9*1000)/($D$22*$B$22) -> 61.929089 | F22: =$E$22-100*01_入力!$B$8 -> -8.0709111 | G22: =$A$22-03_湿度状態点!$F$44 -> 7.6322857
A23: 感度 dRH/dT | E23: =($E$22-$E$6)/($A$22-$A$6) -> -4.3375682 | F23: %RH/K | G23: ★ 約 −4.34 %RH/K（18–22 °C の割線。20 °C での接線は −4.32）。±1 %RH を守るには温度を ±0.23 K に制御する必要がある。最も厳しい要求。
A24: ±1 %RH に必要な温度精度 | E24: =1/ABS($E$23) -> 0.23054393 | F24: K
A26: B. 出力段圧力に対する感度 / Sensitivity to delivery pressure
A27: ゲージ圧 [kPa] | B27: 絶対圧 [Pa] | C27: k_H [Pa] | D27: f [-] | E27: RH [%] | F27: 目標からの差 [%RH]
A28: 16 | B28: =((01_入力!$B$5+$A$28)*1000) -> 117325 | C28: =(22064000*EXP(647.096/(01_入力!$B$7+273.15)*(-7.85951783*(1-(01_入力!$B$7+273.15)/647.096)+1.84408259*(1-(01_入力!$B$7+273.15)/647.096)^1.5-11.7866497*(1-(01_入力!$B$7+273.15)/647.096)^3+22.6807411*(1-(01_入力!$B$7+273.15)/647.096)^3.5-15.9618719*(1-(01_入力!$B$7+273.15)/647.096)^4+1.80122502*(1-(01_入力!$B$7+273.15)/647.096)^7.5)))*EXP(-8.55445/((01_入力!$B$7+273.15)/647.096)+4.01195*(1-((01_入力!$B$7+273.15)/647.096))^0.355/((01_入力!$B$7+273.15)/647.096)+9.52345*((01_入力!$B$7+273.15)/647.096)^(-0.41)*EXP(1-((01_入力!$B$7+273.15)/647.096))) -> 1.4488859e+08 | D28: =IF(01_入力!$B$39=1,EXP(((0.000001*(19202.081-20032490/(01_入力!$B$7+273.15)+7075968700/(01_入力!$B$7+273.15)^2-870743060000/(01_入力!$B$7+273.15)^3))*($H$1)/(8.31446261815324*(01_入力!$B$7+273.15))+(0.018015268/((999.83952+16.945176*((01_入力!$B$7+273.15)-273.15)-0.0079870401*((01_入力!$B$7+273.15)-273.15)^2-0.000046170461*((01_入力!$B$7+273.15)-273.15)^3+0.00000010556302*((01_入力!$B$7+273.15)-273.15)^4-0.00000000028054253*((01_入力!$B$7+273.15)-273.15)^5)/(1+0.01687985*((01_入力!$B$7+273.15)-273.15))))*((((01_入力!$B$5+$A$28)*1000))-($H$1))/(8.31446261815324*(01_入力!$B$7+273.15))-((0.000001*(19202.081-20032490/(01_入力!$B$7+273.15)+7075968700/(01_入力!$B$7+273.15)^2-870743060000/(01_入力!$B$7+273.15)^3))*(2*(($H$1)/(((01_入力!$B$5+$A$28)*1000)))-(($H$1)/(((01_入力!$B$5+$A$28)*1000)))^2)+(2*(((0.000001*(-236.26407+204871.53/(01_入力!$B$7+273.15)-59999434/(01_入力!$B$7+273.15)^2))+01_入力!$B$38/1000000))-(0.000001*(75.188632-565.620467/((01_入力!$B$7+273.15)/100)+601.464888/((01_入力!$B$7+273.15)/100)^2-2018.286032/((01_入力!$B$7+273.15)/100)^3)))*(1-(($H$1)/(((01_入力!$B$5+$A$28)*1000))))^2)*(((01_入力!$B$5+$A$28)*1000))/(8.31446261815324*(01_入力!$B$7+273.15))+LN(1-((((01_入力!$B$5+$A$28)*1000))-($H$1))/($C$28)))),1) -> 1.0173552 | E28: =100*03_湿度状態点!$F$36*$B$28/($D$28*$H$1) -> 67.733069 | F28: =$E$28-100*01_入力!$B$8 -> -2.2669313
A29: 17 | B29: =((01_入力!$B$5+$A$29)*1000) -> 118325 | C29: =(22064000*EXP(647.096/(01_入力!$B$7+273.15)*(-7.85951783*(1-(01_入力!$B$7+273.15)/647.096)+1.84408259*(1-(01_入力!$B$7+273.15)/647.096)^1.5-11.7866497*(1-(01_入力!$B$7+273.15)/647.096)^3+22.6807411*(1-(01_入力!$B$7+273.15)/647.096)^3.5-15.9618719*(1-(01_入力!$B$7+273.15)/647.096)^4+1.80122502*(1-(01_入力!$B$7+273.15)/647.096)^7.5)))*EXP(-8.55445/((01_入力!$B$7+273.15)/647.096)+4.01195*(1-((01_入力!$B$7+273.15)/647.096))^0.355/((01_入力!$B$7+273.15)/647.096)+9.52345*((01_入力!$B$7+273.15)/647.096)^(-0.41)*EXP(1-((01_入力!$B$7+273.15)/647.096))) -> 1.4488859e+08 | D29: =IF(01_入力!$B$39=1,EXP(((0.000001*(19202.081-20032490/(01_入力!$B$7+273.15)+7075968700/(01_入力!$B$7+273.15)^2-870743060000/(01_入力!$B$7+273.15)^3))*($H$1)/(8.31446261815324*(01_入力!$B$7+273.15))+(0.018015268/((999.83952+16.945176*((01_入力!$B$7+273.15)-273.15)-0.0079870401*((01_入力!$B$7+273.15)-273.15)^2-0.000046170461*((01_入力!$B$7+273.15)-273.15)^3+0.00000010556302*((01_入力!$B$7+273.15)-273.15)^4-0.00000000028054253*((01_入力!$B$7+273.15)-273.15)^5)/(1+0.01687985*((01_入力!$B$7+273.15)-273.15))))*((((01_入力!$B$5+$A$29)*1000))-($H$1))/(8.31446261815324*(01_入力!$B$7+273.15))-((0.000001*(19202.081-20032490/(01_入力!$B$7+273.15)+7075968700/(01_入力!$B$7+273.15)^2-870743060000/(01_入力!$B$7+273.15)^3))*(2*(($H$1)/(((01_入力!$B$5+$A$29)*1000)))-(($H$1)/(((01_入力!$B$5+$A$29)*1000)))^2)+(2*(((0.000001*(-236.26407+204871.53/(01_入力!$B$7+273.15)-59999434/(01_入力!$B$7+273.15)^2))+01_入力!$B$38/1000000))-(0.000001*(75.188632-565.620467/((01_入力!$B$7+273.15)/100)+601.464888/((01_入力!$B$7+273.15)/100)^2-2018.286032/((01_入力!$B$7+273.15)/100)^3)))*(1-(($H$1)/(((01_入力!$B$5+$A$29)*1000))))^2)*(((01_入力!$B$5+$A$29)*1000))/(8.31446261815324*(01_入力!$B$7+273.15))+LN(1-((((01_入力!$B$5+$A$29)*1000))-($H$1))/($C$29)))),1) -> 1.0174991 | E29: =100*03_湿度状態点!$F$36*$B$29/($D$29*$H$1) -> 68.300715 | F29: =$E$29-100*01_入力!$B$8 -> -1.6992851
A30: 18 | B30: =((01_入力!$B$5+$A$30)*1000) -> 119325 | C30: =(22064000*EXP(647.096/(01_入力!$B$7+273.15)*(-7.85951783*(1-(01_入力!$B$7+273.15)/647.096)+1.84408259*(1-(01_入力!$B$7+273.15)/647.096)^1.5-11.7866497*(1-(01_入力!$B$7+273.15)/647.096)^3+22.6807411*(1-(01_入力!$B$7+273.15)/647.096)^3.5-15.9618719*(1-(01_入力!$B$7+273.15)/647.096)^4+1.80122502*(1-(01_入力!$B$7+273.15)/647.096)^7.5)))*EXP(-8.55445/((01_入力!$B$7+273.15)/647.096)+4.01195*(1-((01_入力!$B$7+273.15)/647.096))^0.355/((01_入力!$B$7+273.15)/647.096)+9.52345*((01_入力!$B$7+273.15)/647.096)^(-0.41)*EXP(1-((01_入力!$B$7+273.15)/647.096))) -> 1.4488859e+08 | D30: =IF(01_入力!$B$39=1,EXP(((0.000001*(19202.081-20032490/(01_入力!$B$7+273.15)+7075968700/(01_入力!$B$7+273.15)^2-870743060000/(01_入力!$B$7+273.15)^3))*($H$1)/(8.31446261815324*(01_入力!$B$7+273.15))+(0.018015268/((999.83952+16.945176*((01_入力!$B$7+273.15)-273.15)-0.0079870401*((01_入力!$B$7+273.15)-273.15)^2-0.000046170461*((01_入力!$B$7+273.15)-273.15)^3+0.00000010556302*((01_入力!$B$7+273.15)-273.15)^4-0.00000000028054253*((01_入力!$B$7+273.15)-273.15)^5)/(1+0.01687985*((01_入力!$B$7+273.15)-273.15))))*((((01_入力!$B$5+$A$30)*1000))-($H$1))/(8.31446261815324*(01_入力!$B$7+273.15))-((0.000001*(19202.081-20032490/(01_入力!$B$7+273.15)+7075968700/(01_入力!$B$7+273.15)^2-870743060000/(01_入力!$B$7+273.15)^3))*(2*(($H$1)/(((01_入力!$B$5+$A$30)*1000)))-(($H$1)/(((01_入力!$B$5+$A$30)*1000)))^2)+(2*(((0.000001*(-236.26407+204871.53/(01_入力!$B$7+273.15)-59999434/(01_入力!$B$7+273.15)^2))+01_入力!$B$38/1000000))-(0.000001*(75.188632-565.620467/((01_入力!$B$7+273.15)/100)+601.464888/((01_入力!$B$7+273.15)/100)^2-2018.286032/((01_入力!$B$7+273.15)/100)^3)))*(1-(($H$1)/(((01_入力!$B$5+$A$30)*1000))))^2)*(((01_入力!$B$5+$A$30)*1000))/(8.31446261815324*(01_入力!$B$7+273.15))+LN(1-((((01_入力!$B$5+$A$30)*1000))-($H$1))/($C$30)))),1) -> 1.0176431 | E30: =100*03_湿度状態点!$F$36*$B$30/($D$30*$H$1) -> 68.868199 | F30: =$E$30-100*01_入力!$B$8 -> -1.1318008
A31: 19 | B31: =((01_入力!$B$5+$A$31)*1000) -> 120325 | C31: =(22064000*EXP(647.096/(01_入力!$B$7+273.15)*(-7.85951783*(1-(01_入力!$B$7+273.15)/647.096)+1.84408259*(1-(01_入力!$B$7+273.15)/647.096)^1.5-11.7866497*(1-(01_入力!$B$7+273.15)/647.096)^3+22.6807411*(1-(01_入力!$B$7+273.15)/647.096)^3.5-15.9618719*(1-(01_入力!$B$7+273.15)/647.096)^4+1.80122502*(1-(01_入力!$B$7+273.15)/647.096)^7.5)))*EXP(-8.55445/((01_入力!$B$7+273.15)/647.096)+4.01195*(1-((01_入力!$B$7+273.15)/647.096))^0.355/((01_入力!$B$7+273.15)/647.096)+9.52345*((01_入力!$B$7+273.15)/647.096)^(-0.41)*EXP(1-((01_入力!$B$7+273.15)/647.096))) -> 1.4488859e+08 | D31: =IF(01_入力!$B$39=1,EXP(((0.000001*(19202.081-20032490/(01_入力!$B$7+273.15)+7075968700/(01_入力!$B$7+273.15)^2-870743060000/(01_入力!$B$7+273.15)^3))*($H$1)/(8.31446261815324*(01_入力!$B$7+273.15))+(0.018015268/((999.83952+16.945176*((01_入力!$B$7+273.15)-273.15)-0.0079870401*((01_入力!$B$7+273.15)-273.15)^2-0.000046170461*((01_入力!$B$7+273.15)-273.15)^3+0.00000010556302*((01_入力!$B$7+273.15)-273.15)^4-0.00000000028054253*((01_入力!$B$7+273.15)-273.15)^5)/(1+0.01687985*((01_入力!$B$7+273.15)-273.15))))*((((01_入力!$B$5+$A$31)*1000))-($H$1))/(8.31446261815324*(01_入力!$B$7+273.15))-((0.000001*(19202.081-20032490/(01_入力!$B$7+273.15)+7075968700/(01_入力!$B$7+273.15)^2-870743060000/(01_入力!$B$7+273.15)^3))*(2*(($H$1)/(((01_入力!$B$5+$A$31)*1000)))-(($H$1)/(((01_入力!$B$5+$A$31)*1000)))^2)+(2*(((0.000001*(-236.26407+204871.53/(01_入力!$B$7+273.15)-59999434/(01_入力!$B$7+273.15)^2))+01_入力!$B$38/1000000))-(0.000001*(75.188632-565.620467/((01_入力!$B$7+273.15)/100)+601.464888/((01_入力!$B$7+273.15)/100)^2-2018.286032/((01_入力!$B$7+273.15)/100)^3)))*(1-(($H$1)/(((01_入力!$B$5+$A$31)*1000))))^2)*(((01_入力!$B$5+$A$31)*1000))/(8.31446261815324*(01_入力!$B$7+273.15))+LN(1-((((01_入力!$B$5+$A$31)*1000))-($H$1))/($C$31)))),1) -> 1.0177871 | E31: =100*03_湿度状態点!$F$36*$B$31/($D$31*$H$1) -> 69.435522 | F31: =$E$31-100*01_入力!$B$8 -> -0.56447813
A32: 20 | B32: =((01_入力!$B$5+$A$32)*1000) -> 121325 | C32: =(22064000*EXP(647.096/(01_入力!$B$7+273.15)*(-7.85951783*(1-(01_入力!$B$7+273.15)/647.096)+1.84408259*(1-(01_入力!$B$7+273.15)/647.096)^1.5-11.7866497*(1-(01_入力!$B$7+273.15)/647.096)^3+22.6807411*(1-(01_入力!$B$7+273.15)/647.096)^3.5-15.9618719*(1-(01_入力!$B$7+273.15)/647.096)^4+1.80122502*(1-(01_入力!$B$7+273.15)/647.096)^7.5)))*EXP(-8.55445/((01_入力!$B$7+273.15)/647.096)+4.01195*(1-((01_入力!$B$7+273.15)/647.096))^0.355/((01_入力!$B$7+273.15)/647.096)+9.52345*((01_入力!$B$7+273.15)/647.096)^(-0.41)*EXP(1-((01_入力!$B$7+273.15)/647.096))) -> 1.4488859e+08 | D32: =IF(01_入力!$B$39=1,EXP(((0.000001*(19202.081-20032490/(01_入力!$B$7+273.15)+7075968700/(01_入力!$B$7+273.15)^2-870743060000/(01_入力!$B$7+273.15)^3))*($H$1)/(8.31446261815324*(01_入力!$B$7+273.15))+(0.018015268/((999.83952+16.945176*((01_入力!$B$7+273.15)-273.15)-0.0079870401*((01_入力!$B$7+273.15)-273.15)^2-0.000046170461*((01_入力!$B$7+273.15)-273.15)^3+0.00000010556302*((01_入力!$B$7+273.15)-273.15)^4-0.00000000028054253*((01_入力!$B$7+273.15)-273.15)^5)/(1+0.01687985*((01_入力!$B$7+273.15)-273.15))))*((((01_入力!$B$5+$A$32)*1000))-($H$1))/(8.31446261815324*(01_入力!$B$7+273.15))-((0.000001*(19202.081-20032490/(01_入力!$B$7+273.15)+7075968700/(01_入力!$B$7+273.15)^2-870743060000/(01_入力!$B$7+273.15)^3))*(2*(($H$1)/(((01_入力!$B$5+$A$32)*1000)))-(($H$1)/(((01_入力!$B$5+$A$32)*1000)))^2)+(2*(((0.000001*(-236.26407+204871.53/(01_入力!$B$7+273.15)-59999434/(01_入力!$B$7+273.15)^2))+01_入力!$B$38/1000000))-(0.000001*(75.188632-565.620467/((01_入力!$B$7+273.15)/100)+601.464888/((01_入力!$B$7+273.15)/100)^2-2018.286032/((01_入力!$B$7+273.15)/100)^3)))*(1-(($H$1)/(((01_入力!$B$5+$A$32)*1000))))^2)*(((01_入力!$B$5+$A$32)*1000))/(8.31446261815324*(01_入力!$B$7+273.15))+LN(1-((((01_入力!$B$5+$A$32)*1000))-($H$1))/($C$32)))),1) -> 1.0179311 | E32: =100*03_湿度状態点!$F$36*$B$32/($D$32*$H$1) -> 70.002683 | F32: =$E$32-100*01_入力!$B$8 -> 0.0026827652
A33: 21 | B33: =((01_入力!$B$5+$A$33)*1000) -> 122325 | C33: =(22064000*EXP(647.096/(01_入力!$B$7+273.15)*(-7.85951783*(1-(01_入力!$B$7+273.15)/647.096)+1.84408259*(1-(01_入力!$B$7+273.15)/647.096)^1.5-11.7866497*(1-(01_入力!$B$7+273.15)/647.096)^3+22.6807411*(1-(01_入力!$B$7+273.15)/647.096)^3.5-15.9618719*(1-(01_入力!$B$7+273.15)/647.096)^4+1.80122502*(1-(01_入力!$B$7+273.15)/647.096)^7.5)))*EXP(-8.55445/((01_入力!$B$7+273.15)/647.096)+4.01195*(1-((01_入力!$B$7+273.15)/647.096))^0.355/((01_入力!$B$7+273.15)/647.096)+9.52345*((01_入力!$B$7+273.15)/647.096)^(-0.41)*EXP(1-((01_入力!$B$7+273.15)/647.096))) -> 1.4488859e+08 | D33: =IF(01_入力!$B$39=1,EXP(((0.000001*(19202.081-20032490/(01_入力!$B$7+273.15)+7075968700/(01_入力!$B$7+273.15)^2-870743060000/(01_入力!$B$7+273.15)^3))*($H$1)/(8.31446261815324*(01_入力!$B$7+273.15))+(0.018015268/((999.83952+16.945176*((01_入力!$B$7+273.15)-273.15)-0.0079870401*((01_入力!$B$7+273.15)-273.15)^2-0.000046170461*((01_入力!$B$7+273.15)-273.15)^3+0.00000010556302*((01_入力!$B$7+273.15)-273.15)^4-0.00000000028054253*((01_入力!$B$7+273.15)-273.15)^5)/(1+0.01687985*((01_入力!$B$7+273.15)-273.15))))*((((01_入力!$B$5+$A$33)*1000))-($H$1))/(8.31446261815324*(01_入力!$B$7+273.15))-((0.000001*(19202.081-20032490/(01_入力!$B$7+273.15)+7075968700/(01_入力!$B$7+273.15)^2-870743060000/(01_入力!$B$7+273.15)^3))*(2*(($H$1)/(((01_入力!$B$5+$A$33)*1000)))-(($H$1)/(((01_入力!$B$5+$A$33)*1000)))^2)+(2*(((0.000001*(-236.26407+204871.53/(01_入力!$B$7+273.15)-59999434/(01_入力!$B$7+273.15)^2))+01_入力!$B$38/1000000))-(0.000001*(75.188632-565.620467/((01_入力!$B$7+273.15)/100)+601.464888/((01_入力!$B$7+273.15)/100)^2-2018.286032/((01_入力!$B$7+273.15)/100)^3)))*(1-(($H$1)/(((01_入力!$B$5+$A$33)*1000))))^2)*(((01_入力!$B$5+$A$33)*1000))/(8.31446261815324*(01_入力!$B$7+273.15))+LN(1-((((01_入力!$B$5+$A$33)*1000))-($H$1))/($C$33)))),1) -> 1.0180752 | E33: =100*03_湿度状態点!$F$36*$B$33/($D$33*$H$1) -> 70.569682 | F33: =$E$33-100*01_入力!$B$8 -> 0.56968197
A34: 22 | B34: =((01_入力!$B$5+$A$34)*1000) -> 123325 | C34: =(22064000*EXP(647.096/(01_入力!$B$7+273.15)*(-7.85951783*(1-(01_入力!$B$7+273.15)/647.096)+1.84408259*(1-(01_入力!$B$7+273.15)/647.096)^1.5-11.7866497*(1-(01_入力!$B$7+273.15)/647.096)^3+22.6807411*(1-(01_入力!$B$7+273.15)/647.096)^3.5-15.9618719*(1-(01_入力!$B$7+273.15)/647.096)^4+1.80122502*(1-(01_入力!$B$7+273.15)/647.096)^7.5)))*EXP(-8.55445/((01_入力!$B$7+273.15)/647.096)+4.01195*(1-((01_入力!$B$7+273.15)/647.096))^0.355/((01_入力!$B$7+273.15)/647.096)+9.52345*((01_入力!$B$7+273.15)/647.096)^(-0.41)*EXP(1-((01_入力!$B$7+273.15)/647.096))) -> 1.4488859e+08 | D34: =IF(01_入力!$B$39=1,EXP(((0.000001*(19202.081-20032490/(01_入力!$B$7+273.15)+7075968700/(01_入力!$B$7+273.15)^2-870743060000/(01_入力!$B$7+273.15)^3))*($H$1)/(8.31446261815324*(01_入力!$B$7+273.15))+(0.018015268/((999.83952+16.945176*((01_入力!$B$7+273.15)-273.15)-0.0079870401*((01_入力!$B$7+273.15)-273.15)^2-0.000046170461*((01_入力!$B$7+273.15)-273.15)^3+0.00000010556302*((01_入力!$B$7+273.15)-273.15)^4-0.00000000028054253*((01_入力!$B$7+273.15)-273.15)^5)/(1+0.01687985*((01_入力!$B$7+273.15)-273.15))))*((((01_入力!$B$5+$A$34)*1000))-($H$1))/(8.31446261815324*(01_入力!$B$7+273.15))-((0.000001*(19202.081-20032490/(01_入力!$B$7+273.15)+7075968700/(01_入力!$B$7+273.15)^2-870743060000/(01_入力!$B$7+273.15)^3))*(2*(($H$1)/(((01_入力!$B$5+$A$34)*1000)))-(($H$1)/(((01_入力!$B$5+$A$34)*1000)))^2)+(2*(((0.000001*(-236.26407+204871.53/(01_入力!$B$7+273.15)-59999434/(01_入力!$B$7+273.15)^2))+01_入力!$B$38/1000000))-(0.000001*(75.188632-565.620467/((01_入力!$B$7+273.15)/100)+601.464888/((01_入力!$B$7+273.15)/100)^2-2018.286032/((01_入力!$B$7+273.15)/100)^3)))*(1-(($H$1)/(((01_入力!$B$5+$A$34)*1000))))^2)*(((01_入力!$B$5+$A$34)*1000))/(8.31446261815324*(01_入力!$B$7+273.15))+LN(1-((((01_入力!$B$5+$A$34)*1000))-($H$1))/($C$34)))),1) -> 1.0182192 | E34: =100*03_湿度状態点!$F$36*$B$34/($D$34*$H$1) -> 71.13652 | F34: =$E$34-100*01_入力!$B$8 -> 1.1365195
A35: 23 | B35: =((01_入力!$B$5+$A$35)*1000) -> 124325 | C35: =(22064000*EXP(647.096/(01_入力!$B$7+273.15)*(-7.85951783*(1-(01_入力!$B$7+273.15)/647.096)+1.84408259*(1-(01_入力!$B$7+273.15)/647.096)^1.5-11.7866497*(1-(01_入力!$B$7+273.15)/647.096)^3+22.6807411*(1-(01_入力!$B$7+273.15)/647.096)^3.5-15.9618719*(1-(01_入力!$B$7+273.15)/647.096)^4+1.80122502*(1-(01_入力!$B$7+273.15)/647.096)^7.5)))*EXP(-8.55445/((01_入力!$B$7+273.15)/647.096)+4.01195*(1-((01_入力!$B$7+273.15)/647.096))^0.355/((01_入力!$B$7+273.15)/647.096)+9.52345*((01_入力!$B$7+273.15)/647.096)^(-0.41)*EXP(1-((01_入力!$B$7+273.15)/647.096))) -> 1.4488859e+08 | D35: =IF(01_入力!$B$39=1,EXP(((0.000001*(19202.081-20032490/(01_入力!$B$7+273.15)+7075968700/(01_入力!$B$7+273.15)^2-870743060000/(01_入力!$B$7+273.15)^3))*($H$1)/(8.31446261815324*(01_入力!$B$7+273.15))+(0.018015268/((999.83952+16.945176*((01_入力!$B$7+273.15)-273.15)-0.0079870401*((01_入力!$B$7+273.15)-273.15)^2-0.000046170461*((01_入力!$B$7+273.15)-273.15)^3+0.00000010556302*((01_入力!$B$7+273.15)-273.15)^4-0.00000000028054253*((01_入力!$B$7+273.15)-273.15)^5)/(1+0.01687985*((01_入力!$B$7+273.15)-273.15))))*((((01_入力!$B$5+$A$35)*1000))-($H$1))/(8.31446261815324*(01_入力!$B$7+273.15))-((0.000001*(19202.081-20032490/(01_入力!$B$7+273.15)+7075968700/(01_入力!$B$7+273.15)^2-870743060000/(01_入力!$B$7+273.15)^3))*(2*(($H$1)/(((01_入力!$B$5+$A$35)*1000)))-(($H$1)/(((01_入力!$B$5+$A$35)*1000)))^2)+(2*(((0.000001*(-236.26407+204871.53/(01_入力!$B$7+273.15)-59999434/(01_入力!$B$7+273.15)^2))+01_入力!$B$38/1000000))-(0.000001*(75.188632-565.620467/((01_入力!$B$7+273.15)/100)+601.464888/((01_入力!$B$7+273.15)/100)^2-2018.286032/((01_入力!$B$7+273.15)/100)^3)))*(1-(($H$1)/(((01_入力!$B$5+$A$35)*1000))))^2)*(((01_入力!$B$5+$A$35)*1000))/(8.31446261815324*(01_入力!$B$7+273.15))+LN(1-((((01_入力!$B$5+$A$35)*1000))-($H$1))/($C$35)))),1) -> 1.0183633 | E35: =100*03_湿度状態点!$F$36*$B$35/($D$35*$H$1) -> 71.703195 | F35: =$E$35-100*01_入力!$B$8 -> 1.7031954
A36: 24 | B36: =((01_入力!$B$5+$A$36)*1000) -> 125325 | C36: =(22064000*EXP(647.096/(01_入力!$B$7+273.15)*(-7.85951783*(1-(01_入力!$B$7+273.15)/647.096)+1.84408259*(1-(01_入力!$B$7+273.15)/647.096)^1.5-11.7866497*(1-(01_入力!$B$7+273.15)/647.096)^3+22.6807411*(1-(01_入力!$B$7+273.15)/647.096)^3.5-15.9618719*(1-(01_入力!$B$7+273.15)/647.096)^4+1.80122502*(1-(01_入力!$B$7+273.15)/647.096)^7.5)))*EXP(-8.55445/((01_入力!$B$7+273.15)/647.096)+4.01195*(1-((01_入力!$B$7+273.15)/647.096))^0.355/((01_入力!$B$7+273.15)/647.096)+9.52345*((01_入力!$B$7+273.15)/647.096)^(-0.41)*EXP(1-((01_入力!$B$7+273.15)/647.096))) -> 1.4488859e+08 | D36: =IF(01_入力!$B$39=1,EXP(((0.000001*(19202.081-20032490/(01_入力!$B$7+273.15)+7075968700/(01_入力!$B$7+273.15)^2-870743060000/(01_入力!$B$7+273.15)^3))*($H$1)/(8.31446261815324*(01_入力!$B$7+273.15))+(0.018015268/((999.83952+16.945176*((01_入力!$B$7+273.15)-273.15)-0.0079870401*((01_入力!$B$7+273.15)-273.15)^2-0.000046170461*((01_入力!$B$7+273.15)-273.15)^3+0.00000010556302*((01_入力!$B$7+273.15)-273.15)^4-0.00000000028054253*((01_入力!$B$7+273.15)-273.15)^5)/(1+0.01687985*((01_入力!$B$7+273.15)-273.15))))*((((01_入力!$B$5+$A$36)*1000))-($H$1))/(8.31446261815324*(01_入力!$B$7+273.15))-((0.000001*(19202.081-20032490/(01_入力!$B$7+273.15)+7075968700/(01_入力!$B$7+273.15)^2-870743060000/(01_入力!$B$7+273.15)^3))*(2*(($H$1)/(((01_入力!$B$5+$A$36)*1000)))-(($H$1)/(((01_入力!$B$5+$A$36)*1000)))^2)+(2*(((0.000001*(-236.26407+204871.53/(01_入力!$B$7+273.15)-59999434/(01_入力!$B$7+273.15)^2))+01_入力!$B$38/1000000))-(0.000001*(75.188632-565.620467/((01_入力!$B$7+273.15)/100)+601.464888/((01_入力!$B$7+273.15)/100)^2-2018.286032/((01_入力!$B$7+273.15)/100)^3)))*(1-(($H$1)/(((01_入力!$B$5+$A$36)*1000))))^2)*(((01_入力!$B$5+$A$36)*1000))/(8.31446261815324*(01_入力!$B$7+273.15))+LN(1-((((01_入力!$B$5+$A$36)*1000))-($H$1))/($C$36)))),1) -> 1.0185074 | E36: =100*03_湿度状態点!$F$36*$B$36/($D$36*$H$1) -> 72.26971 | F36: =$E$36-100*01_入力!$B$8 -> 2.2697098
A37: 感度 dRH/dp | E37: =($E$36-$E$28)/($A$36-$A$28) -> 0.56708014 | F37: %RH/kPa | G37: RH ∝ p。±1 %RH には ±1.76 kPa。05シートの同期排気なら余裕で満たせる。
A39: C. 飽和器温度に対する感度 / Sensitivity to saturator temperature
A40: T_sat [°C] | B40: p_sat [Pa] | C40: k_H [Pa] | D40: f_1 [-] | E40: x_v [-] | F40: 出力段 RH [%] | G40: 目標からの差 [%RH]
A41: =03_湿度状態点!$C$8+-1 -> 29.655 | B41: =22064000*EXP(647.096/($A$41+273.15)*(-7.85951783*(1-($A$41+273.15)/647.096)+1.84408259*(1-($A$41+273.15)/647.096)^1.5-11.7866497*(1-($A$41+273.15)/647.096)^3+22.6807411*(1-($A$41+273.15)/647.096)^3.5-15.9618719*(1-($A$41+273.15)/647.096)^4+1.80122502*(1-($A$41+273.15)/647.096)^7.5)) -> 4163.5274 | C41: =($B$41)*EXP(-8.55445/(($A$41+273.15)/647.096)+4.01195*(1-(($A$41+273.15)/647.096))^0.355/(($A$41+273.15)/647.096)+9.52345*(($A$41+273.15)/647.096)^(-0.41)*EXP(1-(($A$41+273.15)/647.096))) -> 1.8601382e+08 | D41: =IF(01_入力!$B$39=1,EXP(((0.000001*(19202.081-20032490/($A$41+273.15)+7075968700/($A$41+273.15)^2-870743060000/($A$41+273.15)^3))*($B$41)/(8.31446261815324*($A$41+273.15))+(0.018015268/((999.83952+16.945176*(($A$41+273.15)-273.15)-0.0079870401*(($A$41+273.15)-273.15)^2-0.000046170461*(($A$41+273.15)-273.15)^3+0.00000010556302*(($A$41+273.15)-273.15)^4-0.00000000028054253*(($A$41+273.15)-273.15)^5)/(1+0.01687985*(($A$41+273.15)-273.15))))*(((01_入力!$B$12*1000))-($B$41))/(8.31446261815324*($A$41+273.15))-((0.000001*(19202.081-20032490/($A$41+273.15)+7075968700/($A$41+273.15)^2-870743060000/($A$41+273.15)^3))*(2*(($B$41)/((01_入力!$B$12*1000)))-(($B$41)/((01_入力!$B$12*1000)))^2)+(2*(((0.000001*(-236.26407+204871.53/($A$41+273.15)-59999434/($A$41+273.15)^2))+01_入力!$B$38/1000000))-(0.000001*(75.188632-565.620467/(($A$41+273.15)/100)+601.464888/(($A$41+273.15)/100)^2-2018.286032/(($A$41+273.15)/100)^3)))*(1-(($B$41)/((01_入力!$B$12*1000))))^2)*((01_入力!$B$12*1000))/(8.31446261815324*($A$41+273.15))+LN(1-(((01_入力!$B$12*1000))-($B$41))/($C$41)))),1) -> 1.0389926 | E41: =01_入力!$B$13*$D$41*$B$41/(01_入力!$B$12*1000) -> 0.012977622 | F41: =100*$E$41*(01_入力!$B$9*1000)/(03_湿度状態点!$F$33*$H$1) -> 66.121993 | G41: =$F$41-100*01_入力!$B$8 -> -3.8780073
A42: =03_湿度状態点!$C$8+-0.8 -> 29.855 | B42: =22064000*EXP(647.096/($A$42+273.15)*(-7.85951783*(1-($A$42+273.15)/647.096)+1.84408259*(1-($A$42+273.15)/647.096)^1.5-11.7866497*(1-($A$42+273.15)/647.096)^3+22.6807411*(1-($A$42+273.15)/647.096)^3.5-15.9618719*(1-($A$42+273.15)/647.096)^4+1.80122502*(1-($A$42+273.15)/647.096)^7.5)) -> 4211.6957 | C42: =($B$42)*EXP(-8.55445/(($A$42+273.15)/647.096)+4.01195*(1-(($A$42+273.15)/647.096))^0.355/(($A$42+273.15)/647.096)+9.52345*(($A$42+273.15)/647.096)^(-0.41)*EXP(1-(($A$42+273.15)/647.096))) -> 1.8690945e+08 | D42: =IF(01_入力!$B$39=1,EXP(((0.000001*(19202.081-20032490/($A$42+273.15)+7075968700/($A$42+273.15)^2-870743060000/($A$42+273.15)^3))*($B$42)/(8.31446261815324*($A$42+273.15))+(0.018015268/((999.83952+16.945176*(($A$42+273.15)-273.15)-0.0079870401*(($A$42+273.15)-273.15)^2-0.000046170461*(($A$42+273.15)-273.15)^3+0.00000010556302*(($A$42+273.15)-273.15)^4-0.00000000028054253*(($A$42+273.15)-273.15)^5)/(1+0.01687985*(($A$42+273.15)-273.15))))*(((01_入力!$B$12*1000))-($B$42))/(8.31446261815324*($A$42+273.15))-((0.000001*(19202.081-20032490/($A$42+273.15)+7075968700/($A$42+273.15)^2-870743060000/($A$42+273.15)^3))*(2*(($B$42)/((01_入力!$B$12*1000)))-(($B$42)/((01_入力!$B$12*1000)))^2)+(2*(((0.000001*(-236.26407+204871.53/($A$42+273.15)-59999434/($A$42+273.15)^2))+01_入力!$B$38/1000000))-(0.000001*(75.188632-565.620467/(($A$42+273.15)/100)+601.464888/(($A$42+273.15)/100)^2-2018.286032/(($A$42+273.15)/100)^3)))*(1-(($B$42)/((01_入力!$B$12*1000))))^2)*((01_入力!$B$12*1000))/(8.31446261815324*($A$42+273.15))+LN(1-(((01_入力!$B$12*1000))-($B$42))/($C$42)))),1) -> 1.038898 | E42: =01_入力!$B$13*$D$42*$B$42/(01_入力!$B$12*1000) -> 0.013126566 | F42: =100*$E$42*(01_入力!$B$9*1000)/(03_湿度状態点!$F$33*$H$1) -> 66.880874 | G42: =$F$42-100*01_入力!$B$8 -> -3.1191261
A43: =03_湿度状態点!$C$8+-0.6 -> 30.055 | B43: =22064000*EXP(647.096/($A$43+273.15)*(-7.85951783*(1-($A$43+273.15)/647.096)+1.84408259*(1-($A$43+273.15)/647.096)^1.5-11.7866497*(1-($A$43+273.15)/647.096)^3+22.6807411*(1-($A$43+273.15)/647.096)^3.5-15.9618719*(1-($A$43+273.15)/647.096)^4+1.80122502*(1-($A$43+273.15)/647.096)^7.5)) -> 4260.3477 | C43: =($B$43)*EXP(-8.55445/(($A$43+273.15)/647.096)+4.01195*(1-(($A$43+273.15)/647.096))^0.355/(($A$43+273.15)/647.096)+9.52345*(($A$43+273.15)/647.096)^(-0.41)*EXP(1-(($A$43+273.15)/647.096))) -> 1.8780668e+08 | D43: =IF(01_入力!$B$39=1,EXP(((0.000001*(19202.081-20032490/($A$43+273.15)+7075968700/($A$43+273.15)^2-870743060000/($A$43+273.15)^3))*($B$43)/(8.31446261815324*($A$43+273.15))+(0.018015268/((999.83952+16.945176*(($A$43+273.15)-273.15)-0.0079870401*(($A$43+273.15)-273.15)^2-0.000046170461*(($A$43+273.15)-273.15)^3+0.00000010556302*(($A$43+273.15)-273.15)^4-0.00000000028054253*(($A$43+273.15)-273.15)^5)/(1+0.01687985*(($A$43+273.15)-273.15))))*(((01_入力!$B$12*1000))-($B$43))/(8.31446261815324*($A$43+273.15))-((0.000001*(19202.081-20032490/($A$43+273.15)+7075968700/($A$43+273.15)^2-870743060000/($A$43+273.15)^3))*(2*(($B$43)/((01_入力!$B$12*1000)))-(($B$43)/((01_入力!$B$12*1000)))^2)+(2*(((0.000001*(-236.26407+204871.53/($A$43+273.15)-59999434/($A$43+273.15)^2))+01_入力!$B$38/1000000))-(0.000001*(75.188632-565.620467/(($A$43+273.15)/100)+601.464888/(($A$43+273.15)/100)^2-2018.286032/(($A$43+273.15)/100)^3)))*(1-(($B$43)/((01_入力!$B$12*1000))))^2)*((01_入力!$B$12*1000))/(8.31446261815324*($A$43+273.15))+LN(1-(((01_入力!$B$12*1000))-($B$43))/($C$43)))),1) -> 1.0388037 | E43: =01_入力!$B$13*$D$43*$B$43/(01_入力!$B$12*1000) -> 0.013276995 | F43: =100*$E$43*(01_入力!$B$9*1000)/(03_湿度状態点!$F$33*$H$1) -> 67.647319 | G43: =$F$43-100*01_入力!$B$8 -> -2.3526811
A44: =03_湿度状態点!$C$8+-0.4 -> 30.255 | B44: =22064000*EXP(647.096/($A$44+273.15)*(-7.85951783*(1-($A$44+273.15)/647.096)+1.84408259*(1-($A$44+273.15)/647.096)^1.5-11.7866497*(1-($A$44+273.15)/647.096)^3+22.6807411*(1-($A$44+273.15)/647.096)^3.5-15.9618719*(1-($A$44+273.15)/647.096)^4+1.80122502*(1-($A$44+273.15)/647.096)^7.5)) -> 4309.4875 | C44: =($B$44)*EXP(-8.55445/(($A$44+273.15)/647.096)+4.01195*(1-(($A$44+273.15)/647.096))^0.355/(($A$44+273.15)/647.096)+9.52345*(($A$44+273.15)/647.096)^(-0.41)*EXP(1-(($A$44+273.15)/647.096))) -> 1.8870548e+08 | D44: =IF(01_入力!$B$39=1,EXP(((0.000001*(19202.081-20032490/($A$44+273.15)+7075968700/($A$44+273.15)^2-870743060000/($A$44+273.15)^3))*($B$44)/(8.31446261815324*($A$44+273.15))+(0.018015268/((999.83952+16.945176*(($A$44+273.15)-273.15)-0.0079870401*(($A$44+273.15)-273.15)^2-0.000046170461*(($A$44+273.15)-273.15)^3+0.00000010556302*(($A$44+273.15)-273.15)^4-0.00000000028054253*(($A$44+273.15)-273.15)^5)/(1+0.01687985*(($A$44+273.15)-273.15))))*(((01_入力!$B$12*1000))-($B$44))/(8.31446261815324*($A$44+273.15))-((0.000001*(19202.081-20032490/($A$44+273.15)+7075968700/($A$44+273.15)^2-870743060000/($A$44+273.15)^3))*(2*(($B$44)/((01_入力!$B$12*1000)))-(($B$44)/((01_入力!$B$12*1000)))^2)+(2*(((0.000001*(-236.26407+204871.53/($A$44+273.15)-59999434/($A$44+273.15)^2))+01_入力!$B$38/1000000))-(0.000001*(75.188632-565.620467/(($A$44+273.15)/100)+601.464888/(($A$44+273.15)/100)^2-2018.286032/(($A$44+273.15)/100)^3)))*(1-(($B$44)/((01_入力!$B$12*1000))))^2)*((01_入力!$B$12*1000))/(8.31446261815324*($A$44+273.15))+LN(1-(((01_入力!$B$12*1000))-($B$44))/($C$44)))),1) -> 1.0387097 | E44: =01_入力!$B$13*$D$44*$B$44/(01_入力!$B$12*1000) -> 0.01342892 | F44: =100*$E$44*(01_入力!$B$9*1000)/(03_湿度状態点!$F$33*$H$1) -> 68.42139 | G44: =$F$44-100*01_入力!$B$8 -> -1.5786096
A45: =03_湿度状態点!$C$8+-0.2 -> 30.455 | B45: =22064000*EXP(647.096/($A$45+273.15)*(-7.85951783*(1-($A$45+273.15)/647.096)+1.84408259*(1-($A$45+273.15)/647.096)^1.5-11.7866497*(1-($A$45+273.15)/647.096)^3+22.6807411*(1-($A$45+273.15)/647.096)^3.5-15.9618719*(1-($A$45+273.15)/647.096)^4+1.80122502*(1-($A$45+273.15)/647.096)^7.5)) -> 4359.1193 | C45: =($B$45)*EXP(-8.55445/(($A$45+273.15)/647.096)+4.01195*(1-(($A$45+273.15)/647.096))^0.355/(($A$45+273.15)/647.096)+9.52345*(($A$45+273.15)/647.096)^(-0.41)*EXP(1-(($A$45+273.15)/647.096))) -> 1.8960585e+08 | D45: =IF(01_入力!$B$39=1,EXP(((0.000001*(19202.081-20032490/($A$45+273.15)+7075968700/($A$45+273.15)^2-870743060000/($A$45+273.15)^3))*($B$45)/(8.31446261815324*($A$45+273.15))+(0.018015268/((999.83952+16.945176*(($A$45+273.15)-273.15)-0.0079870401*(($A$45+273.15)-273.15)^2-0.000046170461*(($A$45+273.15)-273.15)^3+0.00000010556302*(($A$45+273.15)-273.15)^4-0.00000000028054253*(($A$45+273.15)-273.15)^5)/(1+0.01687985*(($A$45+273.15)-273.15))))*(((01_入力!$B$12*1000))-($B$45))/(8.31446261815324*($A$45+273.15))-((0.000001*(19202.081-20032490/($A$45+273.15)+7075968700/($A$45+273.15)^2-870743060000/($A$45+273.15)^3))*(2*(($B$45)/((01_入力!$B$12*1000)))-(($B$45)/((01_入力!$B$12*1000)))^2)+(2*(((0.000001*(-236.26407+204871.53/($A$45+273.15)-59999434/($A$45+273.15)^2))+01_入力!$B$38/1000000))-(0.000001*(75.188632-565.620467/(($A$45+273.15)/100)+601.464888/(($A$45+273.15)/100)^2-2018.286032/(($A$45+273.15)/100)^3)))*(1-(($B$45)/((01_入力!$B$12*1000))))^2)*((01_入力!$B$12*1000))/(8.31446261815324*($A$45+273.15))+LN(1-(((01_入力!$B$12*1000))-($B$45))/($C$45)))),1) -> 1.0386161 | E45: =01_入力!$B$13*$D$45*$B$45/(01_入力!$B$12*1000) -> 0.013582355 | F45: =100*$E$45*(01_入力!$B$9*1000)/(03_湿度状態点!$F$33*$H$1) -> 69.203152 | G45: =$F$45-100*01_入力!$B$8 -> -0.79684799
A46: =03_湿度状態点!$C$8+0 -> 30.655 | B46: =22064000*EXP(647.096/($A$46+273.15)*(-7.85951783*(1-($A$46+273.15)/647.096)+1.84408259*(1-($A$46+273.15)/647.096)^1.5-11.7866497*(1-($A$46+273.15)/647.096)^3+22.6807411*(1-($A$46+273.15)/647.096)^3.5-15.9618719*(1-($A$46+273.15)/647.096)^4+1.80122502*(1-($A$46+273.15)/647.096)^7.5)) -> 4409.247 | C46: =($B$46)*EXP(-8.55445/(($A$46+273.15)/647.096)+4.01195*(1-(($A$46+273.15)/647.096))^0.355/(($A$46+273.15)/647.096)+9.52345*(($A$46+273.15)/647.096)^(-0.41)*EXP(1-(($A$46+273.15)/647.096))) -> 1.9050778e+08 | D46: =IF(01_入力!$B$39=1,EXP(((0.000001*(19202.081-20032490/($A$46+273.15)+7075968700/($A$46+273.15)^2-870743060000/($A$46+273.15)^3))*($B$46)/(8.31446261815324*($A$46+273.15))+(0.018015268/((999.83952+16.945176*(($A$46+273.15)-273.15)-0.0079870401*(($A$46+273.15)-273.15)^2-0.000046170461*(($A$46+273.15)-273.15)^3+0.00000010556302*(($A$46+273.15)-273.15)^4-0.00000000028054253*(($A$46+273.15)-273.15)^5)/(1+0.01687985*(($A$46+273.15)-273.15))))*(((01_入力!$B$12*1000))-($B$46))/(8.31446261815324*($A$46+273.15))-((0.000001*(19202.081-20032490/($A$46+273.15)+7075968700/($A$46+273.15)^2-870743060000/($A$46+273.15)^3))*(2*(($B$46)/((01_入力!$B$12*1000)))-(($B$46)/((01_入力!$B$12*1000)))^2)+(2*(((0.000001*(-236.26407+204871.53/($A$46+273.15)-59999434/($A$46+273.15)^2))+01_入力!$B$38/1000000))-(0.000001*(75.188632-565.620467/(($A$46+273.15)/100)+601.464888/(($A$46+273.15)/100)^2-2018.286032/(($A$46+273.15)/100)^3)))*(1-(($B$46)/((01_入力!$B$12*1000))))^2)*((01_入力!$B$12*1000))/(8.31446261815324*($A$46+273.15))+LN(1-(((01_入力!$B$12*1000))-($B$46))/($C$46)))),1) -> 1.0385228 | E46: =01_入力!$B$13*$D$46*$B$46/(01_入力!$B$12*1000) -> 0.013737311 | F46: =100*$E$46*(01_入力!$B$9*1000)/(03_湿度状態点!$F$33*$H$1) -> 69.992667 | G46: =$F$46-100*01_入力!$B$8 -> -0.0073325695
A47: =03_湿度状態点!$C$8+0.2 -> 30.855 | B47: =22064000*EXP(647.096/($A$47+273.15)*(-7.85951783*(1-($A$47+273.15)/647.096)+1.84408259*(1-($A$47+273.15)/647.096)^1.5-11.7866497*(1-($A$47+273.15)/647.096)^3+22.6807411*(1-($A$47+273.15)/647.096)^3.5-15.9618719*(1-($A$47+273.15)/647.096)^4+1.80122502*(1-($A$47+273.15)/647.096)^7.5)) -> 4459.8749 | C47: =($B$47)*EXP(-8.55445/(($A$47+273.15)/647.096)+4.01195*(1-(($A$47+273.15)/647.096))^0.355/(($A$47+273.15)/647.096)+9.52345*(($A$47+273.15)/647.096)^(-0.41)*EXP(1-(($A$47+273.15)/647.096))) -> 1.9141125e+08 | D47: =IF(01_入力!$B$39=1,EXP(((0.000001*(19202.081-20032490/($A$47+273.15)+7075968700/($A$47+273.15)^2-870743060000/($A$47+273.15)^3))*($B$47)/(8.31446261815324*($A$47+273.15))+(0.018015268/((999.83952+16.945176*(($A$47+273.15)-273.15)-0.0079870401*(($A$47+273.15)-273.15)^2-0.000046170461*(($A$47+273.15)-273.15)^3+0.00000010556302*(($A$47+273.15)-273.15)^4-0.00000000028054253*(($A$47+273.15)-273.15)^5)/(1+0.01687985*(($A$47+273.15)-273.15))))*(((01_入力!$B$12*1000))-($B$47))/(8.31446261815324*($A$47+273.15))-((0.000001*(19202.081-20032490/($A$47+273.15)+7075968700/($A$47+273.15)^2-870743060000/($A$47+273.15)^3))*(2*(($B$47)/((01_入力!$B$12*1000)))-(($B$47)/((01_入力!$B$12*1000)))^2)+(2*(((0.000001*(-236.26407+204871.53/($A$47+273.15)-59999434/($A$47+273.15)^2))+01_入力!$B$38/1000000))-(0.000001*(75.188632-565.620467/(($A$47+273.15)/100)+601.464888/(($A$47+273.15)/100)^2-2018.286032/(($A$47+273.15)/100)^3)))*(1-(($B$47)/((01_入力!$B$12*1000))))^2)*((01_入力!$B$12*1000))/(8.31446261815324*($A$47+273.15))+LN(1-(((01_入力!$B$12*1000))-($B$47))/($C$47)))),1) -> 1.0384299 | E47: =01_入力!$B$13*$D$47*$B$47/(01_入力!$B$12*1000) -> 0.013893802 | F47: =100*$E$47*(01_入力!$B$9*1000)/(03_湿度状態点!$F$33*$H$1) -> 70.790001 | G47: =$F$47-100*01_入力!$B$8 -> 0.79000087
A48: =03_湿度状態点!$C$8+0.4 -> 31.055 | B48: =22064000*EXP(647.096/($A$48+273.15)*(-7.85951783*(1-($A$48+273.15)/647.096)+1.84408259*(1-($A$48+273.15)/647.096)^1.5-11.7866497*(1-($A$48+273.15)/647.096)^3+22.6807411*(1-($A$48+273.15)/647.096)^3.5-15.9618719*(1-($A$48+273.15)/647.096)^4+1.80122502*(1-($A$48+273.15)/647.096)^7.5)) -> 4511.0071 | C48: =($B$48)*EXP(-8.55445/(($A$48+273.15)/647.096)+4.01195*(1-(($A$48+273.15)/647.096))^0.355/(($A$48+273.15)/647.096)+9.52345*(($A$48+273.15)/647.096)^(-0.41)*EXP(1-(($A$48+273.15)/647.096))) -> 1.9231626e+08 | D48: =IF(01_入力!$B$39=1,EXP(((0.000001*(19202.081-20032490/($A$48+273.15)+7075968700/($A$48+273.15)^2-870743060000/($A$48+273.15)^3))*($B$48)/(8.31446261815324*($A$48+273.15))+(0.018015268/((999.83952+16.945176*(($A$48+273.15)-273.15)-0.0079870401*(($A$48+273.15)-273.15)^2-0.000046170461*(($A$48+273.15)-273.15)^3+0.00000010556302*(($A$48+273.15)-273.15)^4-0.00000000028054253*(($A$48+273.15)-273.15)^5)/(1+0.01687985*(($A$48+273.15)-273.15))))*(((01_入力!$B$12*1000))-($B$48))/(8.31446261815324*($A$48+273.15))-((0.000001*(19202.081-20032490/($A$48+273.15)+7075968700/($A$48+273.15)^2-870743060000/($A$48+273.15)^3))*(2*(($B$48)/((01_入力!$B$12*1000)))-(($B$48)/((01_入力!$B$12*1000)))^2)+(2*(((0.000001*(-236.26407+204871.53/($A$48+273.15)-59999434/($A$48+273.15)^2))+01_入力!$B$38/1000000))-(0.000001*(75.188632-565.620467/(($A$48+273.15)/100)+601.464888/(($A$48+273.15)/100)^2-2018.286032/(($A$48+273.15)/100)^3)))*(1-(($B$48)/((01_入力!$B$12*1000))))^2)*((01_入力!$B$12*1000))/(8.31446261815324*($A$48+273.15))+LN(1-(((01_入力!$B$12*1000))-($B$48))/($C$48)))),1) -> 1.0383373 | E48: =01_入力!$B$13*$D$48*$B$48/(01_入力!$B$12*1000) -> 0.01405184 | F48: =100*$E$48*(01_入力!$B$9*1000)/(03_湿度状態点!$F$33*$H$1) -> 71.595217 | G48: =$F$48-100*01_入力!$B$8 -> 1.5952169
A49: =03_湿度状態点!$C$8+0.6 -> 31.255 | B49: =22064000*EXP(647.096/($A$49+273.15)*(-7.85951783*(1-($A$49+273.15)/647.096)+1.84408259*(1-($A$49+273.15)/647.096)^1.5-11.7866497*(1-($A$49+273.15)/647.096)^3+22.6807411*(1-($A$49+273.15)/647.096)^3.5-15.9618719*(1-($A$49+273.15)/647.096)^4+1.80122502*(1-($A$49+273.15)/647.096)^7.5)) -> 4562.6478 | C49: =($B$49)*EXP(-8.55445/(($A$49+273.15)/647.096)+4.01195*(1-(($A$49+273.15)/647.096))^0.355/(($A$49+273.15)/647.096)+9.52345*(($A$49+273.15)/647.096)^(-0.41)*EXP(1-(($A$49+273.15)/647.096))) -> 1.9322279e+08 | D49: =IF(01_入力!$B$39=1,EXP(((0.000001*(19202.081-20032490/($A$49+273.15)+7075968700/($A$49+273.15)^2-870743060000/($A$49+273.15)^3))*($B$49)/(8.31446261815324*($A$49+273.15))+(0.018015268/((999.83952+16.945176*(($A$49+273.15)-273.15)-0.0079870401*(($A$49+273.15)-273.15)^2-0.000046170461*(($A$49+273.15)-273.15)^3+0.00000010556302*(($A$49+273.15)-273.15)^4-0.00000000028054253*(($A$49+273.15)-273.15)^5)/(1+0.01687985*(($A$49+273.15)-273.15))))*(((01_入力!$B$12*1000))-($B$49))/(8.31446261815324*($A$49+273.15))-((0.000001*(19202.081-20032490/($A$49+273.15)+7075968700/($A$49+273.15)^2-870743060000/($A$49+273.15)^3))*(2*(($B$49)/((01_入力!$B$12*1000)))-(($B$49)/((01_入力!$B$12*1000)))^2)+(2*(((0.000001*(-236.26407+204871.53/($A$49+273.15)-59999434/($A$49+273.15)^2))+01_入力!$B$38/1000000))-(0.000001*(75.188632-565.620467/(($A$49+273.15)/100)+601.464888/(($A$49+273.15)/100)^2-2018.286032/(($A$49+273.15)/100)^3)))*(1-(($B$49)/((01_入力!$B$12*1000))))^2)*((01_入力!$B$12*1000))/(8.31446261815324*($A$49+273.15))+LN(1-(((01_入力!$B$12*1000))-($B$49))/($C$49)))),1) -> 1.038245 | E49: =01_入力!$B$13*$D$49*$B$49/(01_入力!$B$12*1000) -> 0.014211438 | F49: =100*$E$49*(01_入力!$B$9*1000)/(03_湿度状態点!$F$33*$H$1) -> 72.408381 | G49: =$F$49-100*01_入力!$B$8 -> 2.4083807
A50: =03_湿度状態点!$C$8+0.8 -> 31.455 | B50: =22064000*EXP(647.096/($A$50+273.15)*(-7.85951783*(1-($A$50+273.15)/647.096)+1.84408259*(1-($A$50+273.15)/647.096)^1.5-11.7866497*(1-($A$50+273.15)/647.096)^3+22.6807411*(1-($A$50+273.15)/647.096)^3.5-15.9618719*(1-($A$50+273.15)/647.096)^4+1.80122502*(1-($A$50+273.15)/647.096)^7.5)) -> 4614.8011 | C50: =($B$50)*EXP(-8.55445/(($A$50+273.15)/647.096)+4.01195*(1-(($A$50+273.15)/647.096))^0.355/(($A$50+273.15)/647.096)+9.52345*(($A$50+273.15)/647.096)^(-0.41)*EXP(1-(($A$50+273.15)/647.096))) -> 1.9413083e+08 | D50: =IF(01_入力!$B$39=1,EXP(((0.000001*(19202.081-20032490/($A$50+273.15)+7075968700/($A$50+273.15)^2-870743060000/($A$50+273.15)^3))*($B$50)/(8.31446261815324*($A$50+273.15))+(0.018015268/((999.83952+16.945176*(($A$50+273.15)-273.15)-0.0079870401*(($A$50+273.15)-273.15)^2-0.000046170461*(($A$50+273.15)-273.15)^3+0.00000010556302*(($A$50+273.15)-273.15)^4-0.00000000028054253*(($A$50+273.15)-273.15)^5)/(1+0.01687985*(($A$50+273.15)-273.15))))*(((01_入力!$B$12*1000))-($B$50))/(8.31446261815324*($A$50+273.15))-((0.000001*(19202.081-20032490/($A$50+273.15)+7075968700/($A$50+273.15)^2-870743060000/($A$50+273.15)^3))*(2*(($B$50)/((01_入力!$B$12*1000)))-(($B$50)/((01_入力!$B$12*1000)))^2)+(2*(((0.000001*(-236.26407+204871.53/($A$50+273.15)-59999434/($A$50+273.15)^2))+01_入力!$B$38/1000000))-(0.000001*(75.188632-565.620467/(($A$50+273.15)/100)+601.464888/(($A$50+273.15)/100)^2-2018.286032/(($A$50+273.15)/100)^3)))*(1-(($B$50)/((01_入力!$B$12*1000))))^2)*((01_入力!$B$12*1000))/(8.31446261815324*($A$50+273.15))+LN(1-(((01_入力!$B$12*1000))-($B$50))/($C$50)))),1) -> 1.038153 | E50: =01_入力!$B$13*$D$50*$B$50/(01_入力!$B$12*1000) -> 0.014372609 | F50: =100*$E$50*(01_入力!$B$9*1000)/(03_湿度状態点!$F$33*$H$1) -> 73.229557 | G50: =$F$50-100*01_入力!$B$8 -> 3.2295575
A51: =03_湿度状態点!$C$8+1 -> 31.655 | B51: =22064000*EXP(647.096/($A$51+273.15)*(-7.85951783*(1-($A$51+273.15)/647.096)+1.84408259*(1-($A$51+273.15)/647.096)^1.5-11.7866497*(1-($A$51+273.15)/647.096)^3+22.6807411*(1-($A$51+273.15)/647.096)^3.5-15.9618719*(1-($A$51+273.15)/647.096)^4+1.80122502*(1-($A$51+273.15)/647.096)^7.5)) -> 4667.4715 | C51: =($B$51)*EXP(-8.55445/(($A$51+273.15)/647.096)+4.01195*(1-(($A$51+273.15)/647.096))^0.355/(($A$51+273.15)/647.096)+9.52345*(($A$51+273.15)/647.096)^(-0.41)*EXP(1-(($A$51+273.15)/647.096))) -> 1.9504037e+08 | D51: =IF(01_入力!$B$39=1,EXP(((0.000001*(19202.081-20032490/($A$51+273.15)+7075968700/($A$51+273.15)^2-870743060000/($A$51+273.15)^3))*($B$51)/(8.31446261815324*($A$51+273.15))+(0.018015268/((999.83952+16.945176*(($A$51+273.15)-273.15)-0.0079870401*(($A$51+273.15)-273.15)^2-0.000046170461*(($A$51+273.15)-273.15)^3+0.00000010556302*(($A$51+273.15)-273.15)^4-0.00000000028054253*(($A$51+273.15)-273.15)^5)/(1+0.01687985*(($A$51+273.15)-273.15))))*(((01_入力!$B$12*1000))-($B$51))/(8.31446261815324*($A$51+273.15))-((0.000001*(19202.081-20032490/($A$51+273.15)+7075968700/($A$51+273.15)^2-870743060000/($A$51+273.15)^3))*(2*(($B$51)/((01_入力!$B$12*1000)))-(($B$51)/((01_入力!$B$12*1000)))^2)+(2*(((0.000001*(-236.26407+204871.53/($A$51+273.15)-59999434/($A$51+273.15)^2))+01_入力!$B$38/1000000))-(0.000001*(75.188632-565.620467/(($A$51+273.15)/100)+601.464888/(($A$51+273.15)/100)^2-2018.286032/(($A$51+273.15)/100)^3)))*(1-(($B$51)/((01_入力!$B$12*1000))))^2)*((01_入力!$B$12*1000))/(8.31446261815324*($A$51+273.15))+LN(1-(((01_入力!$B$12*1000))-($B$51))/($C$51)))),1) -> 1.0380613 | E51: =01_入力!$B$13*$D$51*$B$51/(01_入力!$B$12*1000) -> 0.014535365 | F51: =100*$E$51*(01_入力!$B$9*1000)/(03_湿度状態点!$F$33*$H$1) -> 74.058813 | G51: =$F$51-100*01_入力!$B$8 -> 4.0588132
A52: 感度 dRH/dT_sat | F52: =($F$51-$F$41)/($A$51-$A$41) -> 3.9684103 | G52: %RH/K | H52: 飽和器も同程度に効く。飽和器槽は ±0.1 K 以内で制御すること（NIST HHG は 1 mK）。
A54: D. 一次圧の安定度が流量に与える影響 / Supply-pressure stability → flow error
A55: 臨界ノズルでは q_m ∝ p_0 なので、一次圧の相対変動はそのまま流量誤差になる（1:1）。
A56: p_1 変動 [%] | B56: 流量誤差 [%] | C56: 一次プレナムで許容される圧力リプル [kPa] | D56: — | E56: — | F56: —
A57: 0.1 | B57: =$A$57 -> 0.1 | C57: =$A$57/100*01_入力!$B$12 -> 0.3
A58: 0.2 | B58: =$A$58 -> 0.2 | C58: =$A$58/100*01_入力!$B$12 -> 0.6
A59: 0.5 | B59: =$A$59 -> 0.5 | C59: =$A$59/100*01_入力!$B$12 -> 1.5
A60: 1 | B60: =$A$60 -> 1 | C60: =$A$60/100*01_入力!$B$12 -> 3
A61: 2 | B61: =$A$61 -> 2 | C61: =$A$61/100*01_入力!$B$12 -> 6
A62: 一次プレナムの実際のリプル（受動、同期なし） | B62: =04_流量切替!$B$14*(1-04_流量切替!$B$14)*04_流量切替!$B$8*04_流量切替!$B$12*01_入力!$B$32*8.31446261815324*03_湿度状態点!$D$9/(01_入力!$B$26/1000)/1000 -> 1.1023434 | C62: kPa
A63: → 流量誤差に換算 | B63: =$B$62/01_入力!$B$12*100 -> 0.3674478 | C63: % | D63: ★一次プレナムはノズル流量精度を直接決める。ここは大きめに取ること

Sheet 10_検証
A1: 検証 / Verification of the built-in correlations
A2: 本シートの数式が参照標準を再現することを確認する。参照値は Span–Wagner (1996)、IAPWS-95、CIPM-2007。
A4: 量 / quantity | B4: 本ブック | C4: 参照値 | D4: 偏差 [%] | E4: 判定 | F4: 出典 / source
A5: p_sat(10.00 °C) | B5: =22064000*EXP(647.096/283.15*(-7.85951783*(1-283.15/647.096)+1.84408259*(1-283.15/647.096)^1.5-11.7866497*(1-283.15/647.096)^3+22.6807411*(1-283.15/647.096)^3.5-15.9618719*(1-283.15/647.096)^4+1.80122502*(1-283.15/647.096)^7.5)) -> 1228.1122 | C5: 1228.1989 | D5: =IF($C$5=0,ABS($B$5),100*($B$5/$C$5-1)) -> -0.0070631155 | E5: =IF(ABS($D$5)<=0.01,"合格","要確認") -> 合格 | F5: IAPWS-95 (Wagner & Pruß 2002)
A6: p_sat(14.00 °C) | B6: =22064000*EXP(647.096/287.15*(-7.85951783*(1-287.15/647.096)+1.84408259*(1-287.15/647.096)^1.5-11.7866497*(1-287.15/647.096)^3+22.6807411*(1-287.15/647.096)^3.5-15.9618719*(1-287.15/647.096)^4+1.80122502*(1-287.15/647.096)^7.5)) -> 1598.8723 | C6: 1598.9838 | D6: =IF($C$6=0,ABS($B$6),100*($B$6/$C$6-1)) -> -0.0069714913 | E6: =IF(ABS($D$6)<=0.01,"合格","要確認") -> 合格 | F6: IAPWS-95
A7: p_sat(20.00 °C) | B7: =22064000*EXP(647.096/293.15*(-7.85951783*(1-293.15/647.096)+1.84408259*(1-293.15/647.096)^1.5-11.7866497*(1-293.15/647.096)^3+22.6807411*(1-293.15/647.096)^3.5-15.9618719*(1-293.15/647.096)^4+1.80122502*(1-293.15/647.096)^7.5)) -> 2339.1937 | C7: 2339.3182 | D7: =IF($C$7=0,ABS($B$7),100*($B$7/$C$7-1)) -> -0.005320498 | E7: =IF(ABS($D$7)<=0.01,"合格","要確認") -> 合格 | F7: IAPWS-95
A8: p_sat(30.00 °C) | B8: =22064000*EXP(647.096/303.15*(-7.85951783*(1-303.15/647.096)+1.84408259*(1-303.15/647.096)^1.5-11.7866497*(1-303.15/647.096)^3+22.6807411*(1-303.15/647.096)^3.5-15.9618719*(1-303.15/647.096)^4+1.80122502*(1-303.15/647.096)^7.5)) -> 4246.9199 | C8: 4246.9708 | D8: =IF($C$8=0,ABS($B$8),100*($B$8/$C$8-1)) -> -0.001197862 | E8: =IF(ABS($D$8)<=0.01,"合格","要確認") -> 合格 | F8: IAPWS-95
A9: B_CO2(273.15 K) [cm³/mol] | B9: =0.000001*(75.188632-565.620467/(273.15/100)+601.464888/(273.15/100)^2-2018.286032/(273.15/100)^3)*1000000 -> -150.30387 | C9: -150.3 | D9: =IF($C$9=0,ABS($B$9),100*($B$9/$C$9-1)) -> 0.0025736198 | E9: =IF(ABS($D$9)<=0.5,"合格","要確認") -> 合格 | F9: Span & Wagner (1996) 零密度極限
A10: B_CO2(293.15 K) [cm³/mol] | B10: =0.000001*(75.188632-565.620467/(293.15/100)+601.464888/(293.15/100)^2-2018.286032/(293.15/100)^3)*1000000 -> -127.88286 | C10: -127.88 | D10: =IF($C$10=0,ABS($B$10),100*($B$10/$C$10-1)) -> 0.0022330004 | E10: =IF(ABS($D$10)<=0.5,"合格","要確認") -> 合格 | F10: Span & Wagner (1996)
A11: B_CO2(323.15 K) [cm³/mol] | B11: =0.000001*(75.188632-565.620467/(323.15/100)+601.464888/(323.15/100)^2-2018.286032/(323.15/100)^3)*1000000 -> -102.05701 | C11: -102.06 | D11: =IF($C$11=0,ABS($B$11),100*($B$11/$C$11-1)) -> -0.0029302125 | E11: =IF(ABS($D$11)<=0.5,"合格","要確認") -> 合格 | F11: Span & Wagner (1996)
A12: Z_CO2(20 °C, 101.325 kPa) | B12: =1+0.000001*(75.188632-565.620467/(293.15/100)+601.464888/(293.15/100)^2-2018.286032/(293.15/100)^3)*101325/(8.31446261815324*293.15) -> 0.99468376 | C12: 0.994664 | D12: =IF($C$12=0,ABS($B$12),100*($B$12/$C$12-1)) -> 0.0019862617 | E12: =IF(ABS($D$12)<=0.05,"合格","要確認") -> 合格 | F12: Span & Wagner (1996)
A13: Z_CO2(20 °C, 250 kPa) | B13: =1+0.000001*(75.188632-565.620467/(293.15/100)+601.464888/(293.15/100)^2-2018.286032/(293.15/100)^3)*250000/(8.31446261815324*293.15) -> 0.98688319 | C13: 0.986759 | D13: =IF($C$13=0,ABS($B$13),100*($B$13/$C$13-1)) -> 0.012585577 | E13: =IF(ABS($D$13)<=0.05,"合格","要確認") -> 合格 | F13: Span & Wagner (1996)
A14: Z_CO2(20 °C, 400 kPa) | B14: =1+0.000001*(75.188632-565.620467/(293.15/100)+601.464888/(293.15/100)^2-2018.286032/(293.15/100)^3)*400000/(8.31446261815324*293.15) -> 0.9790131 | C14: 0.978692 | D14: =IF($C$14=0,ABS($B$14),100*($B$14/$C$14-1)) -> 0.032809393 | E14: =IF(ABS($D$14)<=0.1,"合格","要確認") -> 合格 | F14: Span & Wagner (1996)
A15: ρ_CO2(0 °C, 101.325 kPa) [kg/m³] | B15: =101325*0.0440095/((1+0.000001*(75.188632-565.620467/(273.15/100)+601.464888/(273.15/100)^2-2018.286032/(273.15/100)^3)*101325/(8.31446261815324*273.15))*8.31446261815324*273.15) -> 1.976741 | C15: 1.97681 | D15: =IF($C$15=0,ABS($B$15),100*($B$15/$C$15-1)) -> -0.0034921847 | E15: =IF(ABS($D$15)<=0.05,"合格","要確認") -> 合格 | F15: Span & Wagner (1996)
A16: ρ_CO2(20 °C, 101.325 kPa) [kg/m³] | B16: =101325*0.0440095/((1+0.000001*(75.188632-565.620467/(293.15/100)+601.464888/(293.15/100)^2-2018.286032/(293.15/100)^3)*101325/(8.31446261815324*293.15))*8.31446261815324*293.15) -> 1.8393058 | C16: 1.83934 | D16: =IF($C$16=0,ABS($B$16),100*($B$16/$C$16-1)) -> -0.0018600318 | E16: =IF(ABS($D$16)<=0.05,"合格","要確認") -> 合格 | F16: Span & Wagner (1996)
A17: cp_CO2(20 °C, 101.325 kPa) [J/mol·K] | B17: =(20.823075+0.059235957*293.15-0.00000051159127*293.15^2-0.000000048979736*293.15^3-293.15*0.0000000001*(-1131.240934/(293.15/100)^3+3608.789328/(293.15/100)^4-24219.432384/(293.15/100)^5)*101325) -> 37.23074 | C17: 37.2347 | D17: =IF($C$17=0,ABS($B$17),100*($B$17/$C$17-1)) -> -0.010635877 | E17: =IF(ABS($D$17)<=0.1,"合格","要確認") -> 合格 | F17: Span & Wagner (1996)
A18: cp_CO2(20 °C, 250 kPa) [J/mol·K] | B18: =(20.823075+0.059235957*293.15-0.00000051159127*293.15^2-0.000000048979736*293.15^3-293.15*0.0000000001*(-1131.240934/(293.15/100)^3+3608.789328/(293.15/100)^4-24219.432384/(293.15/100)^5)*250000) -> 37.70105 | C18: 37.7264 | D18: =IF($C$18=0,ABS($B$18),100*($B$18/$C$18-1)) -> -0.06719353 | E18: =IF(ABS($D$18)<=0.2,"合格","要確認") -> 合格 | F18: Span & Wagner (1996)
A19: γ_CO2(20 °C, 101.325 kPa) | B19: =((20.823075+0.059235957*293.15-0.00000051159127*293.15^2-0.000000048979736*293.15^3-293.15*0.0000000001*(-1131.240934/(293.15/100)^3+3608.789328/(293.15/100)^4-24219.432384/(293.15/100)^5)*101325))/(((20.823075+0.059235957*293.15-0.00000051159127*293.15^2-0.000000048979736*293.15^3)-8.31446261815324-293.15*8.31446261815324*(2*0.00000001*(565.620467/(293.15/100)^2-1202.929776/(293.15/100)^3+6054.858096/(293.15/100)^4)+293.15*0.0000000001*(-1131.240934/(293.15/100)^3+3608.789328/(293.15/100)^4-24219.432384/(293.15/100)^5))*(101325/((1+0.000001*(75.188632-565.620467/(293.15/100)+601.464888/(293.15/100)^2-2018.286032/(293.15/100)^3)*101325/(8.31446261815324*293.15))*8.31446261815324*293.15)))) -> 1.2965993 | C19: 1.29674 | D19: =IF($C$19=0,ABS($B$19),100*($B$19/$C$19-1)) -> -0.010850055 | E19: =IF(ABS($D$19)<=0.1,"合格","要確認") -> 合格 | F19: Span & Wagner (1996)
A20: γ_CO2(20 °C, 250 kPa) | B20: =((20.823075+0.059235957*293.15-0.00000051159127*293.15^2-0.000000048979736*293.15^3-293.15*0.0000000001*(-1131.240934/(293.15/100)^3+3608.789328/(293.15/100)^4-24219.432384/(293.15/100)^5)*250000))/(((20.823075+0.059235957*293.15-0.00000051159127*293.15^2-0.000000048979736*293.15^3)-8.31446261815324-293.15*8.31446261815324*(2*0.00000001*(565.620467/(293.15/100)^2-1202.929776/(293.15/100)^3+6054.858096/(293.15/100)^4)+293.15*0.0000000001*(-1131.240934/(293.15/100)^3+3608.789328/(293.15/100)^4-24219.432384/(293.15/100)^5))*(250000/((1+0.000001*(75.188632-565.620467/(293.15/100)+601.464888/(293.15/100)^2-2018.286032/(293.15/100)^3)*250000/(8.31446261815324*293.15))*8.31446261815324*293.15)))) -> 1.3049783 | C20: 1.30586 | D20: =IF($C$20=0,ABS($B$20),100*($B$20/$C$20-1)) -> -0.067515308 | E20: =IF(ABS($D$20)<=0.15,"合格","要確認") -> 合格 | F20: Span & Wagner (1996)
A21: μ_CO2(20 °C) [µPa·s] | B21: =0.00000100697*SQRT(293.15)/EXP(0.235156-0.491266*LN(293.15/251.196)+0.05211155*LN(293.15/251.196)^2+0.05347906*LN(293.15/251.196)^3-0.01537102*LN(293.15/251.196)^4)*1000000 -> 14.681337 | C21: 14.6748 | D21: =IF($C$21=0,ABS($B$21),100*($B$21/$C$21-1)) -> 0.044545903 | E21: =IF(ABS($D$21)<=0.1,"合格","要確認") -> 合格 | F21: Laesecke & Muzny (2017); Fenghour (1998) と 0.04 % 一致
A22: μ_CO2(0 °C) [µPa·s] | B22: =0.00000100697*SQRT(273.15)/EXP(0.235156-0.491266*LN(273.15/251.196)+0.05211155*LN(273.15/251.196)^2+0.05347906*LN(273.15/251.196)^3-0.01537102*LN(273.15/251.196)^4)*1000000 -> 13.702329 | C22: 13.7093 | D22: =IF($C$22=0,ABS($B$22),100*($B$22/$C$22-1)) -> -0.050848649 | E22: =IF(ABS($D$22)<=0.15,"合格","要確認") -> 合格 | F22: Laesecke & Muzny (2017)
A23: k_CO2(20 °C) [mW/m·K] | B23: =0.001*(-2.8088692+0.053424539*293.15+0.000038923913*293.15^2)*1000 -> 16.197536 | C23: 16.2505 | D23: =IF($C$23=0,ABS($B$23),100*($B$23/$C$23-1)) -> -0.32592411 | E23: =IF(ABS($D$23)<=0.5,"合格","要確認") -> 合格 | F23: Huber et al. (2016)、相関自体の u = 1 % (k=2)
A24: μ_JT CO2(20 °C) [K/bar] | B24: =((293.15*0.00000001*(565.620467/(293.15/100)^2-1202.929776/(293.15/100)^3+6054.858096/(293.15/100)^4))-(0.000001*(75.188632-565.620467/(293.15/100)+601.464888/(293.15/100)^2-2018.286032/(293.15/100)^3)))/(20.823075+0.059235957*293.15-0.00000051159127*293.15^2-0.000000048979736*293.15^3)*100000 -> 1.1411338 | C24: 1.1417 | D24: =IF($C$24=0,ABS($B$24),100*($B$24/$C$24-1)) -> -0.049591404 | E24: =IF(ABS($D$24)<=1,"合格","要確認") -> 合格 | F24: Span & Wagner (1996)。空気は 0.2362 K/bar
A25: 音速 CO2(20 °C, 101.325 kPa) [m/s] | B25: =SQRT(((20.823075+0.059235957*293.15-0.00000051159127*293.15^2-0.000000048979736*293.15^3-293.15*0.0000000001*(-1131.240934/(293.15/100)^3+3608.789328/(293.15/100)^4-24219.432384/(293.15/100)^5)*101325))/(((20.823075+0.059235957*293.15-0.00000051159127*293.15^2-0.000000048979736*293.15^3)-8.31446261815324-293.15*8.31446261815324*(2*0.00000001*(565.620467/(293.15/100)^2-1202.929776/(293.15/100)^3+6054.858096/(293.15/100)^4)+293.15*0.0000000001*(-1131.240934/(293.15/100)^3+3608.789328/(293.15/100)^4-24219.432384/(293.15/100)^5))*(101325/((1+0.000001*(75.188632-565.620467/(293.15/100)+601.464888/(293.15/100)^2-2018.286032/(293.15/100)^3)*101325/(8.31446261815324*293.15))*8.31446261815324*293.15))))*8.31446261815324*293.15*(1+2*(0.000001*(75.188632-565.620467/(293.15/100)+601.464888/(293.15/100)^2-2018.286032/(293.15/100)^3))*101325/((1+0.000001*(75.188632-565.620467/(293.15/100)+601.464888/(293.15/100)^2-2018.286032/(293.15/100)^3)*101325/(8.31446261815324*293.15))*8.31446261815324*293.15))/0.0440095) -> 266.53734 | C25: 266.556 | D25: =IF($C$25=0,ABS($B$25),100*($B$25/$C$25-1)) -> -0.0069987129 | E25: =IF(ABS($D$25)<=0.1,"合格","要確認") -> 合格 | F25: Span & Wagner (1996)
A26: k_H CO2 in H2O (20 °C) [MPa] | B26: =(22064000*EXP(647.096/293.15*(-7.85951783*(1-293.15/647.096)+1.84408259*(1-293.15/647.096)^1.5-11.7866497*(1-293.15/647.096)^3+22.6807411*(1-293.15/647.096)^3.5-15.9618719*(1-293.15/647.096)^4+1.80122502*(1-293.15/647.096)^7.5)))*EXP(-8.55445/(293.15/647.096)+4.01195*(1-(293.15/647.096))^0.355/(293.15/647.096)+9.52345*(293.15/647.096)^-0.41*EXP(1-(293.15/647.096)))/1000000 -> 144.88859 | C26: 145 | D26: =IF($C$26=0,ABS($B$26),100*($B$26/$C$26-1)) -> -0.076833863 | E26: =IF(ABS($D$26)<=1,"合格","要確認") -> 合格 | F26: IAPWS G7-04 (2004)
A27: B12(H2O-CO2, 20 °C) [cm³/mol] | B27: =0.000001*(-236.26407+204871.53/293.15-59999434/293.15^2)*1000000 -> -235.58153 | C27: -235.5 | D27: =IF($C$27=0,ABS($B$27),100*($B$27/$C$27-1)) -> 0.034621774 | E27: =IF(ABS($D$27)<=2,"合格","要確認") -> 合格 | F27: Meyer & Harvey (2015) / Wheatley & Harvey (2011,2016)
A28: 露点逆算 Hardy 式の往復誤差 [mK] | B28: =1000*(((207.98233-20.156028*LN(22064000*EXP(647.096/293.15*(-7.85951783*(1-293.15/647.096)+1.84408259*(1-293.15/647.096)^1.5-11.7866497*(1-293.15/647.096)^3+22.6807411*(1-293.15/647.096)^3.5-15.9618719*(1-293.15/647.096)^4+1.80122502*(1-293.15/647.096)^7.5)))+0.46778925*LN(22064000*EXP(647.096/293.15*(-7.85951783*(1-293.15/647.096)+1.84408259*(1-293.15/647.096)^1.5-11.7866497*(1-293.15/647.096)^3+22.6807411*(1-293.15/647.096)^3.5-15.9618719*(1-293.15/647.096)^4+1.80122502*(1-293.15/647.096)^7.5)))^2-0.0000092288067*LN(22064000*EXP(647.096/293.15*(-7.85951783*(1-293.15/647.096)+1.84408259*(1-293.15/647.096)^1.5-11.7866497*(1-293.15/647.096)^3+22.6807411*(1-293.15/647.096)^3.5-15.9618719*(1-293.15/647.096)^4+1.80122502*(1-293.15/647.096)^7.5)))^3)/(1-0.13319669*LN(22064000*EXP(647.096/293.15*(-7.85951783*(1-293.15/647.096)+1.84408259*(1-293.15/647.096)^1.5-11.7866497*(1-293.15/647.096)^3+22.6807411*(1-293.15/647.096)^3.5-15.9618719*(1-293.15/647.096)^4+1.80122502*(1-293.15/647.096)^7.5)))+0.0056577518*LN(22064000*EXP(647.096/293.15*(-7.85951783*(1-293.15/647.096)+1.84408259*(1-293.15/647.096)^1.5-11.7866497*(1-293.15/647.096)^3+22.6807411*(1-293.15/647.096)^3.5-15.9618719*(1-293.15/647.096)^4+1.80122502*(1-293.15/647.096)^7.5)))^2-0.000075172865*LN(22064000*EXP(647.096/293.15*(-7.85951783*(1-293.15/647.096)+1.84408259*(1-293.15/647.096)^1.5-11.7866497*(1-293.15/647.096)^3+22.6807411*(1-293.15/647.096)^3.5-15.9618719*(1-293.15/647.096)^4+1.80122502*(1-293.15/647.096)^7.5)))^3))-293.15) -> -0.46606276 | C28: 0 | D28: =IF($C$28=0,ABS($B$28),100*($B$28/$C$28-1)) -> 0.46606276 | E28: =IF(ABS($D$28)<=99,"合格","要確認") -> 合格 | F28: Hardy (1998)。|誤差| < 1 mK なら合格
A29: ε_CO2 = M_H2O/M_CO2 | B29: =0.018015268/0.0440095 -> 0.40934953 | C29: 0.40935 | D29: =IF($C$29=0,ABS($B$29),100*($B$29/$C$29-1)) -> -0.00011559626 | E29: =IF(ABS($D$29)<=0.01,"合格","要確認") -> 合格 | F29: CIAAW 2021。空気の 0.622 を使うと +51.9 % の誤り
A30: V_m 標準状態 0 °C (DIN 1343) [L/mol] | B30: =8.31446261815324*273.15/101325*1000 -> 22.41397 | C30: 22.41397 | D30: =IF($C$30=0,ABS($B$30),100*($B$30/$C$30-1)) -> -2.0299209e-06 | E30: =IF(ABS($D$30)<=0.01,"合格","要確認") -> 合格 | F30: DIN 1343:1990（= SEMI E12-0303）
A31: V_m 20 °C（ベンダ慣行）[L/mol] | B31: =8.31446261815324*293.15/101325*1000 -> 24.055117 | C31: 24.05512 | D31: =IF($C$31=0,ABS($B$31),100*($B$31/$C$31-1)) -> -1.3025779e-05 | E31: =IF(ABS($D$31)<=0.01,"合格","要確認") -> 合格 | F31: 標準ではない。0 °C 基準との差は 7.32 %
A33: 総合判定 | B33: =IF(COUNTIF($E$5:$E$31,"要確認")=0,"全項目 合格",COUNTIF($E$5:$E$31,"要確認")&" 項目が要確認") -> 全項目 合格
A35: 参照値の取得方法: 本セッションでは外部サイトへの直接アクセス（WebFetch）が遮断されていたため、参照値は Span–Wagner (1996)／
A36: IAPWS-95／Laesecke–Muzny (2017)／Huber et al. (2016) を実装した CoolProp 8.0.0 をローカルで実行して生成した。
A37: CoolProp は NIST REFPROP と同じ基準相関を実装しているが、学会投稿前には NIST Webbook または REFPROP で表を再生成し、
A38: そちらを引用することを推奨する（数値は一致するはずである）。文献の書誌情報は WebSearch で確認済み。

Sheet 11_文献
A1: 引用文献 / References
A3: No. | B3: 分野 / topic | C3: 文献 / reference | D3: DOI / URL
A4: 1 | B4: 状態方程式 | C4: Span, R. & Wagner, W. (1996) A New Equation of State for Carbon Dioxide…, J. Phys. Chem. Ref. Data 25(6), 1509–1596. 密度 ±0.03–0.05 % | D4: 10.1063/1.555991
A5: 2 | B5: CO2 ビリアル係数 | C5: Duschek, W., Kleinrahm, R. & Wagner, W. (1990) J. Chem. Thermodyn. 22(9), 827–840. B を 0.4 % 以内で決定 | D5: 10.1016/0021-9614(90)90172-M
A6: 3 | B6: CO2 粘度 | C6: Laesecke, A. & Muzny, C. D. (2017) J. Phys. Chem. Ref. Data 46, 013107（現行の基準相関） | D6: 10.1063/1.4977429
A7: 4 | B7: CO2 粘度 | C7: Fenghour, A., Wakeham, W. A. & Vesovic, V. (1998) J. Phys. Chem. Ref. Data 27(1), 31–44 | D7: 10.1063/1.556013
A8: 5 | B8: CO2 熱伝導率 | C8: Huber, M. L. et al. (2016) J. Phys. Chem. Ref. Data 45(1), 013102。u = 1 % (k=2) | D8: 10.1063/1.4940892
A9: 6 | B9: 水の状態方程式 | C9: Wagner, W. & Pruß, A. (2002) J. Phys. Chem. Ref. Data 31(2), 387–535 (IAPWS-95) | D9: 10.1063/1.1461829
A10: 7 | B10: 水の蒸気圧 | C10: Wagner, W. & Pruß, A. (1993) J. Phys. Chem. Ref. Data 22(3), 783–787 = IAPWS SR1-86 | D10: 10.1063/1.555926
A11: 8 | B11: 水の蒸気圧（実用） | C11: IAPWS R7-97(2012) Industrial Formulation 1997, Eq. (30) | D11: iapws.org/relguide/IF97-Rev
A12: 9 | B12: 湿度計測用蒸気圧 | C12: Hardy, B. (1998) ITS-90 Formulations…, Proc. 3rd Int. Symp. Humidity & Moisture, 214–222 | D12: —
A13: 10 | B13: 湿度計測用蒸気圧 | C13: Hyland, R. W. & Wexler, A. (1983) ASHRAE Trans. 89(2A), 500–519 = ASHRAE Fundamentals Ch.1 Eq.(6) | D13: —
A14: 11 | B14: RH の定義 | C14: Lovell-Smith, J. W. et al. (2016) Metrologia 53(1), R40。★非空気系 RH 定義の根拠 | D14: 10.1088/0026-1394/53/1/R40
A15: 12 | B15: RH の定義 | C15: Feistel, R. & Lovell-Smith, J. W. (2017) Metrologia 54(4), 566（水の活量による定義） | D15: 10.1088/1681-7575/aa7083
... A47: 44 | B47: 計算ツール | C47: Bell, I. H. et al. (2014) Ind. Eng. Chem. Res. 53(6), 2498–2508 (CoolProp) | D47: 10.1021/ie4033999
